Time,Extension,Load
(s),(mm),(N)
"0.00000","0.00000","-0.53872"
"0.10000","0.00000","-0.24992"
"0.20000","0.00000","-0.04951"
"0.30000","0.00011","0.10016"
"0.40000","0.00021","-0.05157"
"0.50000","0.00032","0.35478"
"0.60000","0.00048","1.28427"
"0.70000","0.00059","2.05584"
"0.80000","0.00064","2.69330"
"0.90000","0.00075","3.66886"
"1.00000","0.00086","4.15947"
"1.10000","0.00091","5.12645"
"1.20000","0.00102","5.97136"
"1.30000","0.00107","6.60982"
"1.40000","0.00118","7.73227"
"1.50000","0.00129","8.38087"
"1.60000","0.00134","9.58572"
"1.70000","0.00145","10.29345"
"1.80000","0.00150","11.05370"
"1.90000","0.00161","11.91642"
"2.00000","0.00171","12.72084"
"2.10000","0.00177","13.30418"
"2.20000","0.00187","14.20387"
"2.30000","0.00193","15.21686"
"2.40000","0.00204","16.00433"
"2.50000","0.00214","16.62426"
"2.60000","0.00220","17.27960"
"2.70000","0.00230","18.16859"
"2.80000","0.00236","18.63333"
"2.90000","0.00246","19.47725"
"3.00000","0.00252","20.06060"
"3.10000","0.00262","20.66927"
"3.20000","0.00273","21.16048"
"3.30000","0.00279","21.81209"
"3.40000","0.00289","22.45700"
"3.50000","0.00295","23.09112"
"3.60000","0.00305","23.81643"
"3.70000","0.00316","24.36009"
"3.80000","0.00321","25.08350"
"3.90000","0.00332","25.61911"
"4.00000","0.00343","26.26028"
"4.10000","0.00348","27.12133"
"4.20000","0.00359","28.00241"
"4.30000","0.00370","28.19917"
"4.40000","0.00375","29.04811"
"4.50000","0.00386","29.60787"
"4.60000","0.00391","30.51958"
"4.70000","0.00402","30.66661"
"4.80000","0.00407","31.13799"
"4.90000","0.00418","31.96865"
"5.00000","0.00423","32.41362"
"5.10000","0.00434","32.85448"
"5.20000","0.00439","33.45663"
"5.30000","0.00450","33.87238"
"5.40000","0.00455","34.62509"
"5.50000","0.00466","35.03157"
"5.60000","0.00471","35.72498"
"5.70000","0.00482","36.27309"
"5.80000","0.00487","36.73937"
"5.90000","0.00493","36.82095"
"6.00000","0.00504","37.54799"
"6.10000","0.00509","38.17337"
"6.20000","0.00520","38.80529"
"6.30000","0.00525","39.10367"
"6.40000","0.00536","39.76044"
"6.50000","0.00541","40.25364"
"6.60000","0.00552","41.23104"
"6.70000","0.00557","41.56541"
"6.80000","0.00568","41.96927"
"6.90000","0.00579","42.61050"
"7.00000","0.00584","43.23697"
"7.10000","0.00595","43.84658"
"7.20000","0.00600","44.25051"
"7.30000","0.00611","44.58487"
"7.40000","0.00616","45.12373"
"7.50000","0.00627","45.54366"
"7.60000","0.00637","46.02855"
"7.70000","0.00643","46.64329"
"7.80000","0.00654","47.31627"
"7.90000","0.00664","47.61976"
"8.00000","0.00670","48.23674"
"8.10000","0.00680","48.93559"
"8.20000","0.00691","49.57970"
"8.30000","0.00696","49.77719"
"8.40000","0.00707","50.64613"
"8.50000","0.00718","51.10350"
"8.60000","0.00723","51.54868"
"8.70000","0.00734","51.98219"
"8.80000","0.00745","52.69029"
"8.90000","0.00750","52.98003"
"9.00000","0.00761","53.48384"
"9.10000","0.00766","53.87437"
"9.20000","0.00777","54.50529"
"9.30000","0.00782","55.19233"
"9.40000","0.00793","55.33751"
"9.50000","0.00798","55.68260"
"9.60000","0.00809","56.50091"
"9.70000","0.00820","56.70734"
"9.80000","0.00825","57.39642"
"9.90000","0.00836","57.67813"
"10.00000","0.00841","58.31704"
"10.10000","0.00852","58.67750"
"10.20000","0.00857","59.04487"
"10.30000","0.00868","59.62391"
"10.40000","0.00879","60.13023"
"10.50000","0.00884","60.75249"
"10.60000","0.00895","60.86057"
"10.70000","0.00900","61.19004"
"10.80000","0.00911","61.99218"
"10.90000","0.00916","62.20411"
"11.00000","0.00927","62.65660"
"11.10000","0.00932","63.07979"
"11.20000","0.00943","63.55977"
"11.30000","0.00954","64.05650"
"11.40000","0.00959","64.34741"
"11.50000","0.00970","64.78188"
"11.60000","0.00975","65.12404"
"11.70000","0.00986","65.48296"
"11.80000","0.00991","66.07967"
"11.90000","0.01002","66.36095"
"12.00000","0.01007","66.80543"
"12.10000","0.01013","67.39713"
"12.20000","0.01023","67.78153"
"12.30000","0.01029","67.99247"
"12.40000","0.01034","68.36233"
"12.50000","0.01045","68.59235"
"12.60000","0.01050","69.27322"
"12.70000","0.01061","69.54993"
"12.80000","0.01066","70.01801"
"12.90000","0.01077","70.23989"
"13.00000","0.01082","70.77538"
"13.10000","0.01093","71.21907"
"13.20000","0.01104","71.73031"
"13.30000","0.01109","72.07759"
"13.40000","0.01120","72.59602"
"13.50000","0.01125","72.84756"
"13.60000","0.01136","73.28632"
"13.70000","0.01146","73.40388"
"13.80000","0.01152","74.06898"
"13.90000","0.01162","74.48943"
"14.00000","0.01168","74.85722"
"14.10000","0.01179","75.20157"
"14.20000","0.01184","75.95649"
"14.30000","0.01195","76.12518"
"14.40000","0.01205","76.52599"
"14.50000","0.01211","76.86662"
"14.60000","0.01221","77.26581"
"14.70000","0.01227","77.75060"
"14.80000","0.01237","78.22703"
"14.90000","0.01248","78.47991"
"15.00000","0.01254","78.99326"
"15.10000","0.01264","79.20872"
"15.20000","0.01270","79.76294"
"15.30000","0.01280","80.06337"
"15.40000","0.01291","80.72311"
"15.50000","0.01296","80.92081"
"15.60000","0.01307","81.29028"
"15.70000","0.01312","81.60962"
"15.80000","0.01323","81.92270"
"15.90000","0.01334","82.31844"
"16.00000","0.01339","82.84560"
"16.10000","0.01350","83.17987"
"16.20000","0.01361","83.35079"
"16.30000","0.01366","83.77244"
"16.40000","0.01377","84.11858"
"16.50000","0.01382","84.56989"
"16.60000","0.01393","85.03901"
"16.70000","0.01404","85.40446"
"16.80000","0.01409","85.62540"
"16.90000","0.01420","85.94677"
"17.00000","0.01425","86.36587"
"17.10000","0.01436","86.40385"
"17.20000","0.01441","86.80785"
"17.30000","0.01452","87.23867"
"17.40000","0.01457","87.42467"
"17.50000","0.01468","87.88331"
"17.60000","0.01473","88.14649"
"17.70000","0.01484","88.59997"
"17.80000","0.01489","88.56412"
"17.90000","0.01495","89.15125"
"18.00000","0.01505","89.03088"
"18.10000","0.01511","89.55703"
"18.20000","0.01516","89.82050"
"18.30000","0.01527","90.13872"
"18.40000","0.01532","90.42825"
"18.50000","0.01543","90.92178"
"18.60000","0.01554","91.36540"
"18.70000","0.01559","91.41043"
"18.80000","0.01570","91.84497"
"18.90000","0.01575","92.37196"
"19.00000","0.01586","92.35457"
"19.10000","0.01591","92.87344"
"19.20000","0.01602","93.10260"
"19.30000","0.01607","93.53898"
"19.40000","0.01618","93.84290"
"19.50000","0.01629","94.12246"
"19.60000","0.01634","94.57050"
"19.70000","0.01645","94.76408"
"19.80000","0.01650","95.07028"
"19.90000","0.01661","95.39323"
"20.00000","0.01671","95.67583"
"20.10000","0.01677","96.27263"
"20.20000","0.01687","96.44279"
"20.30000","0.01698","96.82784"
"20.40000","0.01704","97.19420"
"20.50000","0.01714","97.47952"
"20.60000","0.01725","98.11436"
"20.70000","0.01736","98.15862"
"20.80000","0.01741","98.66084"
"20.90000","0.01752","98.67249"
"21.00000","0.01757","99.18724"
"21.10000","0.01768","99.15434"
"21.20000","0.01773","99.84415"
"21.30000","0.01784","100.16180"
"21.40000","0.01795","100.42352"
"21.50000","0.01800","100.68465"
"21.60000","0.01811","101.20666"
"21.70000","0.01816","101.25533"
"21.80000","0.01827","101.59550"
"21.90000","0.01832","101.86232"
"22.00000","0.01843","102.26157"
"22.10000","0.01848","102.68116"
"22.20000","0.01859","103.12429"
"22.30000","0.01870","103.49126"
"22.40000","0.01875","103.74664"
"22.50000","0.01886","103.92110"
"22.60000","0.01891","104.36437"
"22.70000","0.01902","104.62267"
"22.80000","0.01907","105.02783"
"22.90000","0.01918","105.21103"
"23.00000","0.01929","105.66856"
"23.10000","0.01934","105.74397"
"23.20000","0.01945","106.47236"
"23.30000","0.01950","106.66010"
"23.40000","0.01961","106.89224"
"23.50000","0.01966","107.41506"
"23.60000","0.01977","107.56478"
"23.70000","0.01982","107.92223"
"23.80000","0.01993","108.40379"
"23.90000","0.01998","108.81683"
"24.00000","0.02009","109.22845"
"24.10000","0.02014","109.34965"
"24.20000","0.02025","109.75762"
"24.30000","0.02030","109.85233"
"24.40000","0.02041","110.22987"
"24.50000","0.02046","110.61413"
"24.60000","0.02052","110.82047"
"24.70000","0.02063","111.05818"
"24.80000","0.02068","111.24395"
"24.90000","0.02079","111.69443"
"25.00000","0.02084","112.00184"
"25.10000","0.02095","112.69724"
"25.20000","0.02100","112.88937"
"25.30000","0.02111","113.21693"
"25.40000","0.02116","113.59438"
"25.50000","0.02127","113.93500"
"25.60000","0.02132","114.27004"
"25.70000","0.02143","114.33892"
"25.80000","0.02154","115.07599"
"25.90000","0.02159","115.21239"
"26.00000","0.02170","115.86640"
"26.10000","0.02175","115.97589"
"26.20000","0.02186","116.38451"
"26.30000","0.02196","116.87077"
"26.40000","0.02202","117.15542"
"26.50000","0.02213","117.37829"
"26.60000","0.02218","117.95950"
"26.70000","0.02229","118.17558"
"26.80000","0.02239","118.84607"
"26.90000","0.02245","118.91138"
"27.00000","0.02255","119.44223"
"27.10000","0.02266","119.63788"
"27.20000","0.02271","120.09006"
"27.30000","0.02282","120.48190"
"27.40000","0.02287","120.80386"
"27.50000","0.02298","121.47028"
"27.60000","0.02309","121.55841"
"27.70000","0.02314","121.86131"
"27.80000","0.02325","122.36558"
"27.90000","0.02336","122.91232"
"28.00000","0.02341","123.14796"
"28.10000","0.02352","123.17403"
"28.20000","0.02357","123.72746"
"28.30000","0.02368","124.30808"
"28.40000","0.02379","124.32185"
"28.50000","0.02384","124.75879"
"28.60000","0.02395","125.14178"
"28.70000","0.02400","125.58150"
"28.80000","0.02411","125.92394"
"28.90000","0.02416","126.12648"
"29.00000","0.02427","126.42054"
"29.10000","0.02432","126.65898"
"29.20000","0.02443","127.29743"
"29.30000","0.02448","127.47810"
"29.40000","0.02459","128.07291"
"29.50000","0.02464","128.30229"
"29.60000","0.02475","128.52875"
"29.70000","0.02486","129.06680"
"29.80000","0.02491","129.44533"
"29.90000","0.02502","129.47559"
"30.00000","0.02507","130.07901"
"30.10000","0.02513","130.20256"
"30.20000","0.02523","130.31766"
"30.30000","0.02529","130.76132"
"30.40000","0.02539","130.83975"
"30.50000","0.02545","131.32994"
"30.60000","0.02550","131.59438"
"30.70000","0.02561","131.98306"
"30.80000","0.02566","132.04958"
"30.90000","0.02577","132.40547"
"31.00000","0.02582","132.73537"
"31.10000","0.02593","133.18571"
"31.20000","0.02604","133.63699"
"31.30000","0.02609","133.72897"
"31.40000","0.02620","133.78659"
"31.50000","0.02625","134.27765"
"31.60000","0.02636","134.62796"
"31.70000","0.02641","134.71220"
"31.80000","0.02652","135.12842"
"31.90000","0.02662","135.33821"
"32.00000","0.02668","135.53104"
"32.10000","0.02679","135.80728"
"32.20000","0.02684","136.08015"
"32.30000","0.02695","136.43228"
"32.40000","0.02705","136.62077"
"32.50000","0.02711","136.87965"
"32.60000","0.02721","137.19392"
"32.70000","0.02732","137.52820"
"32.80000","0.02743","137.90964"
"32.90000","0.02748","138.39349"
"33.00000","0.02759","138.60771"
"33.10000","0.02770","138.87926"
"33.20000","0.02775","138.93283"
"33.30000","0.02786","139.46605"
"33.40000","0.02791","140.00769"
"33.50000","0.02802","139.93784"
"33.60000","0.02807","140.30974"
"33.70000","0.02818","140.54536"
"33.80000","0.02823","141.08731"
"33.90000","0.02834","141.75421"
"34.00000","0.02845","141.78571"
"34.10000","0.02850","142.05365"
"34.20000","0.02861","142.77673"
"34.30000","0.02866","143.21959"
"34.40000","0.02877","143.52396"
"34.50000","0.02882","143.59470"
"34.60000","0.02893","144.36359"
"34.70000","0.02904","144.98753"
"34.80000","0.02909","145.33916"
"34.90000","0.02920","145.46046"
"35.00000","0.02925","146.07344"
"35.10000","0.02936","146.76740"
"35.20000","0.02941","146.92441"
"35.30000","0.02952","147.18764"
"35.40000","0.02957","147.70758"
"35.50000","0.02968","148.15724"
"35.60000","0.02979","148.55634"
"35.70000","0.02984","148.68140"
"35.80000","0.02995","149.19972"
"35.90000","0.03000","149.62645"
"36.00000","0.03011","149.97797"
"36.10000","0.03016","150.23885"
"36.20000","0.03027","150.85536"
"36.30000","0.03032","150.88699"
"36.40000","0.03043","151.52132"
"36.50000","0.03048","151.70293"
"36.60000","0.03059","151.73875"
"36.70000","0.03064","152.09436"
"36.80000","0.03070","152.69122"
"36.90000","0.03075","152.95152"
"37.00000","0.03086","152.94595"
"37.10000","0.03091","153.39334"
"37.20000","0.03102","153.86243"
"37.30000","0.03107","154.08461"
"37.40000","0.03118","154.39085"
"37.50000","0.03123","154.76724"
"37.60000","0.03134","155.12517"
"37.70000","0.03145","155.32658"
"37.80000","0.03150","155.98816"
"37.90000","0.03161","156.06467"
"38.00000","0.03166","156.33064"
"38.10000","0.03177","156.66258"
"38.20000","0.03187","157.06490"
"38.30000","0.03193","157.41177"
"38.40000","0.03204","157.53888"
"38.50000","0.03209","157.97047"
"38.60000","0.03220","158.28360"
"38.70000","0.03230","158.56927"
"38.80000","0.03236","158.84694"
"38.90000","0.03246","158.79724"
"39.00000","0.03257","159.22580"
"39.10000","0.03263","159.61020"
"39.20000","0.03273","159.63095"
"39.30000","0.03284","160.09377"
"39.40000","0.03289","160.24091"
"39.50000","0.03300","160.76480"
"39.60000","0.03311","161.04877"
"39.70000","0.03316","161.04785"
"39.80000","0.03327","161.09145"
"39.90000","0.03332","161.51477"
"40.00000","0.03343","161.33824"
"40.10000","0.03348","161.28232"
"40.20000","0.03359","161.91269"
"40.30000","0.03370","161.86304"
"40.40000","0.03375","162.02290"
"40.50000","0.03386","162.20200"
"40.60000","0.03391","162.49750"
"40.70000","0.03402","162.69543"
"40.80000","0.03407","162.91751"
"40.90000","0.03418","163.14116"
"41.00000","0.03423","162.99481"
"41.10000","0.03434","162.94342"
"41.20000","0.03445","163.29407"
"41.30000","0.03450","163.26607"
"41.40000","0.03461","163.52084"
"41.50000","0.03466","163.82733"
"41.60000","0.03477","164.06288"
"41.70000","0.03482","164.16624"
"41.80000","0.03493","163.83365"
"41.90000","0.03498","164.10840"
"42.00000","0.03509","164.27904"
"42.10000","0.03514","164.64220"
"42.20000","0.03525","164.67815"
"42.30000","0.03530","164.91861"
"42.40000","0.03541","164.94537"
"42.50000","0.03546","164.88229"
"42.60000","0.03552","165.04573"
"42.70000","0.03563","165.18977"
"42.80000","0.03568","165.38161"
"42.90000","0.03579","165.50897"
"43.00000","0.03584","165.86980"
"43.10000","0.03595","165.70242"
"43.20000","0.03600","166.06270"
"43.30000","0.03611","166.48564"
"43.40000","0.03616","166.45609"
"43.50000","0.03627","166.52747"
"43.60000","0.03638","167.01305"
"43.70000","0.03643","166.99214"
"43.80000","0.03654","167.10512"
"43.90000","0.03659","167.41243"
"44.00000","0.03670","167.41342"
"44.10000","0.03675","167.49672"
"44.20000","0.03686","167.86929"
"44.30000","0.03696","167.85048"
"44.40000","0.03702","168.37404"
"44.50000","0.03712","168.51941"
"44.60000","0.03718","168.62157"
"44.70000","0.03729","168.94171"
"44.80000","0.03739","169.24590"
"44.90000","0.03745","169.25554"
"45.00000","0.03755","169.23257"
"45.10000","0.03766","169.65091"
"45.20000","0.03777","169.62335"
"45.30000","0.03782","169.96022"
"45.40000","0.03793","169.87628"
"45.50000","0.03798","170.08815"
"45.60000","0.03809","170.29697"
"45.70000","0.03814","170.09993"
"45.80000","0.03825","170.64224"
"45.90000","0.03836","170.82108"
"46.00000","0.03841","170.99582"
"46.10000","0.03852","170.81110"
"46.20000","0.03857","171.19858"
"46.30000","0.03868","170.98724"
"46.40000","0.03873","171.52417"
"46.50000","0.03884","171.66292"
"46.60000","0.03895","171.63885"
"46.70000","0.03900","171.88588"
"46.80000","0.03911","172.06551"
"46.90000","0.03916","172.08913"
"47.00000","0.03927","172.33086"
"47.10000","0.03932","172.62663"
"47.20000","0.03943","172.57430"
"47.30000","0.03954","172.85591"
"47.40000","0.03959","173.13029"
"47.50000","0.03970","173.32115"
"47.60000","0.03975","173.20444"
"47.70000","0.03986","173.44696"
"47.80000","0.03991","173.70006"
"47.90000","0.04002","173.72958"
"48.00000","0.04007","173.72911"
"48.10000","0.04018","173.92844"
"48.20000","0.04023","174.11404"
"48.30000","0.04034","173.87611"
"48.40000","0.04045","173.85701"
"48.50000","0.04050","174.29257"
"48.60000","0.04061","174.30194"
"48.70000","0.04066","174.75058"
"48.80000","0.04071","174.50987"
"48.90000","0.04082","174.75063"
"49.00000","0.04087","174.74074"
"49.10000","0.04093","174.73804"
"49.20000","0.04104","174.93268"
"49.30000","0.04109","174.92656"
"49.40000","0.04120","175.28070"
"49.50000","0.04125","175.42368"
"49.60000","0.04136","175.33122"
"49.70000","0.04141","175.52045"
"49.80000","0.04152","175.63187"
"49.90000","0.04157","175.83630"
"50.00000","0.04168","175.87073"
"50.10000","0.04179","176.47478"
"50.20000","0.04184","176.48633"
"50.30000","0.04195","176.52834"
"50.40000","0.04200","176.83044"
"50.50000","0.04211","176.89359"
"50.60000","0.04221","177.05513"
"50.70000","0.04227","177.29553"
"50.80000","0.04237","177.38487"
"50.90000","0.04243","177.61731"
"51.00000","0.04254","177.69116"
"51.10000","0.04264","177.78131"
"51.20000","0.04270","177.99710"
"51.30000","0.04280","178.20131"
"51.40000","0.04291","178.57080"
"51.50000","0.04296","178.78842"
"51.60000","0.04307","178.70378"
"51.70000","0.04312","178.67064"
"51.80000","0.04323","178.87784"
"51.90000","0.04334","179.05063"
"52.00000","0.04339","179.18454"
"52.10000","0.04350","179.55986"
"52.20000","0.04361","179.83685"
"52.30000","0.04366","179.99117"
"52.40000","0.04377","180.28134"
"52.50000","0.04382","180.71130"
"52.60000","0.04393","180.92772"
"52.70000","0.04398","181.44202"
"52.80000","0.04409","181.58690"
"52.90000","0.04420","182.28514"
"53.00000","0.04425","182.95940"
"53.10000","0.04436","183.34540"
"53.20000","0.04441","183.86833"
"53.30000","0.04452","184.23320"
"53.40000","0.04457","184.82417"
"53.50000","0.04468","185.33896"
"53.60000","0.04473","185.97923"
"53.70000","0.04484","186.51326"
"53.80000","0.04495","187.13681"
"53.90000","0.04500","187.37677"
"54.00000","0.04511","187.93318"
"54.10000","0.04516","188.46884"
"54.20000","0.04527","188.39687"
"54.30000","0.04532","189.19115"
"54.40000","0.04543","189.47745"
"54.50000","0.04548","189.79349"
"54.60000","0.04554","190.63718"
"54.70000","0.04564","190.96375"
"54.80000","0.04570","191.60860"
"54.90000","0.04575","192.04153"
"55.00000","0.04586","192.51115"
"55.10000","0.04591","193.18797"
"55.20000","0.04602","193.70724"
"55.30000","0.04607","194.15138"
"55.40000","0.04618","194.70268"
"55.50000","0.04629","195.49745"
"55.60000","0.04634","196.17221"
"55.70000","0.04645","196.78769"
"55.80000","0.04650","197.22804"
"55.90000","0.04661","198.15096"
"56.00000","0.04666","198.81897"
"56.10000","0.04677","199.47902"
"56.20000","0.04687","199.92641"
"56.30000","0.04693","200.68652"
"56.40000","0.04704","201.17305"
"56.50000","0.04709","201.84877"
"56.60000","0.04720","202.47139"
"56.70000","0.04730","203.12163"
"56.80000","0.04736","204.06993"
"56.90000","0.04746","204.50514"
"57.00000","0.04752","205.07069"
"57.10000","0.04762","205.85909"
"57.20000","0.04773","206.30733"
"57.30000","0.04779","207.18053"
"57.40000","0.04789","207.95097"
"57.50000","0.04800","208.72478"
"57.60000","0.04811","209.31943"
"57.70000","0.04816","210.12358"
"57.80000","0.04827","210.46581"
"57.90000","0.04832","211.28705"
"58.00000","0.04843","211.87477"
"58.10000","0.04848","212.46321"
"58.20000","0.04859","213.07675"
"58.30000","0.04864","213.76103"
"58.40000","0.04875","214.32581"
"58.50000","0.04886","214.87895"
"58.60000","0.04891","215.70993"
"58.70000","0.04902","216.59099"
"58.80000","0.04907","216.94292"
"58.90000","0.04918","217.62769"
"59.00000","0.04929","218.30423"
"59.10000","0.04934","218.76935"
"59.20000","0.04945","219.44676"
"59.30000","0.04950","220.23697"
"59.40000","0.04961","220.82254"
"59.50000","0.04966","221.12108"
"59.60000","0.04977","221.82933"
"59.70000","0.04982","222.76205"
"59.80000","0.04993","223.26202"
"59.90000","0.05004","223.98329"
"60.00000","0.05009","224.46123"
"60.10000","0.05020","224.98959"
"60.20000","0.05025","225.75728"
"60.30000","0.05036","226.37511"
"60.40000","0.05041","227.00394"
"60.50000","0.05052","227.43199"
"60.60000","0.05057","228.29720"
"60.70000","0.05068","228.88719"
"60.80000","0.05073","229.48370"
"60.90000","0.05084","230.38887"
"61.00000","0.05089","230.76593"
"61.10000","0.05100","231.55701"
"61.20000","0.05105","231.83974"
"61.30000","0.05116","232.55811"
"61.40000","0.05121","232.97209"
"61.50000","0.05127","233.40448"
"61.60000","0.05132","234.08286"
"61.70000","0.05143","234.64429"
"61.80000","0.05154","235.41808"
"61.90000","0.05159","235.97089"
"62.00000","0.05170","236.84970"
"62.10000","0.05175","237.36745"
"62.20000","0.05186","238.40898"
"62.30000","0.05191","238.88435"
"62.40000","0.05202","239.25410"
"62.50000","0.05212","240.43660"
"62.60000","0.05218","241.14154"
"62.70000","0.05229","241.74677"
"62.80000","0.05234","242.52003"
"62.90000","0.05245","243.41583"
"63.00000","0.05255","243.86177"
"63.10000","0.05261","244.76744"
"63.20000","0.05271","245.48236"
"63.30000","0.05277","246.21788"
"63.40000","0.05287","246.98001"
"63.50000","0.05298","247.71667"
"63.60000","0.05309","248.51578"
"63.70000","0.05314","249.37517"
"63.80000","0.05325","250.12602"
"63.90000","0.05330","250.79395"
"64.00000","0.05341","251.51401"
"64.10000","0.05352","252.33069"
"64.20000","0.05357","253.21919"
"64.30000","0.05368","254.07965"
"64.40000","0.05373","254.64021"
"64.50000","0.05384","255.53117"
"64.60000","0.05395","256.19473"
"64.70000","0.05400","256.90543"
"64.80000","0.05411","257.94061"
"64.90000","0.05416","258.76859"
"65.00000","0.05427","259.23108"
"65.10000","0.05432","260.19653"
"65.20000","0.05443","260.83887"
"65.30000","0.05454","261.75879"
"65.40000","0.05459","262.59985"
"65.50000","0.05470","263.15390"
"65.60000","0.05475","264.11755"
"65.70000","0.05486","265.12473"
"65.80000","0.05491","265.84714"
"65.90000","0.05502","266.31390"
"66.00000","0.05507","267.52591"
"66.10000","0.05518","268.03809"
"66.20000","0.05523","268.86859"
"66.30000","0.05534","269.86044"
"66.40000","0.05539","270.56958"
"66.50000","0.05550","271.45779"
"66.60000","0.05555","272.05585"
"66.70000","0.05566","272.92892"
"66.80000","0.05571","273.72760"
"66.90000","0.05582","274.43851"
"67.00000","0.05587","275.21594"
"67.10000","0.05593","275.79443"
"67.20000","0.05604","276.40067"
"67.30000","0.05609","277.16479"
"67.40000","0.05620","277.83658"
"67.50000","0.05625","278.85696"
"67.60000","0.05636","279.68634"
"67.70000","0.05641","280.37064"
"67.80000","0.05652","281.13022"
"67.90000","0.05657","281.79703"
"68.00000","0.05668","282.83633"
"68.10000","0.05673","283.69498"
"68.20000","0.05684","284.47925"
"68.30000","0.05695","285.26593"
"68.40000","0.05700","286.18027"
"68.50000","0.05711","286.93301"
"68.60000","0.05716","287.80035"
"68.70000","0.05727","288.48267"
"68.80000","0.05737","289.46356"
"68.90000","0.05743","289.93610"
"69.00000","0.05754","291.12683"
"69.10000","0.05759","291.83246"
"69.20000","0.05770","292.63184"
"69.30000","0.05780","293.51447"
"69.40000","0.05786","294.47870"
"69.50000","0.05796","295.01892"
"69.60000","0.05807","296.02911"
"69.70000","0.05813","296.66241"
"69.80000","0.05823","297.91269"
"69.90000","0.05834","298.72583"
"70.00000","0.05845","299.72708"
"70.10000","0.05850","300.14731"
"70.20000","0.05861","301.05301"
"70.30000","0.05866","301.87476"
"70.40000","0.05877","302.59320"
"70.50000","0.05882","303.34344"
"70.60000","0.05893","304.27209"
"70.70000","0.05898","304.71555"
"70.80000","0.05909","305.46109"
"70.90000","0.05920","306.35938"
"71.00000","0.05925","307.28052"
"71.10000","0.05936","308.06882"
"71.20000","0.05941","308.49286"
"71.30000","0.05952","309.36740"
"71.40000","0.05962","310.29990"
"71.50000","0.05968","311.28046"
"71.60000","0.05979","311.96356"
"71.70000","0.05984","312.66833"
"71.80000","0.05995","313.50586"
"71.90000","0.06000","314.32803"
"72.00000","0.06011","315.11072"
"72.10000","0.06016","315.73068"
"72.20000","0.06027","316.30688"
"72.30000","0.06032","317.29636"
"72.40000","0.06043","318.08865"
"72.50000","0.06054","319.11575"
"72.60000","0.06059","319.67529"
"72.70000","0.06070","320.55182"
"72.80000","0.06075","321.01129"
"72.90000","0.06086","322.14566"
"73.00000","0.06091","322.58163"
"73.10000","0.06102","323.56201"
"73.20000","0.06107","324.48798"
"73.30000","0.06118","325.13419"
"73.40000","0.06123","325.72891"
"73.50000","0.06129","326.37967"
"73.60000","0.06139","327.19727"
"73.70000","0.06145","327.58496"
"73.80000","0.06150","328.46100"
"73.90000","0.06161","329.15723"
"74.00000","0.06166","329.85028"
"74.10000","0.06177","330.81390"
"74.20000","0.06182","331.20764"
"74.30000","0.06193","332.21863"
"74.40000","0.06198","333.15259"
"74.50000","0.06209","333.97812"
"74.60000","0.06220","334.73126"
"74.70000","0.06225","335.60138"
"74.80000","0.06236","336.43961"
"74.90000","0.06241","337.37827"
"75.00000","0.06252","338.39996"
"75.10000","0.06263","339.13123"
"75.20000","0.06268","339.79453"
"75.30000","0.06279","340.84634"
"75.40000","0.06284","341.58786"
"75.50000","0.06295","342.55994"
"75.60000","0.06305","343.74326"
"75.70000","0.06311","344.25964"
"75.80000","0.06321","344.95544"
"75.90000","0.06332","346.02151"
"76.00000","0.06338","346.85010"
"76.10000","0.06348","347.66330"
"76.20000","0.06359","348.31616"
"76.30000","0.06364","349.47760"
"76.40000","0.06375","350.35800"
"76.50000","0.06380","351.01245"
"76.60000","0.06391","352.14929"
"76.70000","0.06402","352.60977"
"76.80000","0.06407","353.48679"
"76.90000","0.06418","354.48297"
"77.00000","0.06423","355.46613"
"77.10000","0.06434","356.17117"
"77.20000","0.06445","356.81879"
"77.30000","0.06450","357.69324"
"77.40000","0.06461","358.43442"
"77.50000","0.06466","359.32251"
"77.60000","0.06477","360.03268"
"77.70000","0.06482","361.01080"
"77.80000","0.06493","361.85297"
"77.90000","0.06504","362.54514"
"78.00000","0.06509","363.23898"
"78.10000","0.06520","364.18546"
"78.20000","0.06525","364.81677"
"78.30000","0.06536","365.79373"
"78.40000","0.06541","366.47858"
"78.50000","0.06552","367.22983"
"78.60000","0.06557","368.11655"
"78.70000","0.06568","368.84125"
"78.80000","0.06573","369.64252"
"78.90000","0.06584","370.39911"
"79.00000","0.06589","371.05371"
"79.10000","0.06600","371.81177"
"79.20000","0.06605","372.60721"
"79.30000","0.06611","373.35873"
"79.40000","0.06621","374.09528"
"79.50000","0.06627","374.63904"
"79.60000","0.06632","375.37234"
"79.70000","0.06643","375.98798"
"79.80000","0.06654","377.06900"
"79.90000","0.06659","377.72278"
"80.00000","0.06670","378.40546"
"80.10000","0.06675","379.55145"
"80.20000","0.06686","380.12888"
"80.30000","0.06691","381.12012"
"80.40000","0.06702","381.91513"
"80.50000","0.06707","382.53906"
"80.60000","0.06718","383.52808"
"80.70000","0.06729","384.24142"
"80.80000","0.06734","385.10718"
"80.90000","0.06745","385.91235"
"81.00000","0.06750","386.43024"
"81.10000","0.06761","387.74652"
"81.20000","0.06771","388.56534"
"81.30000","0.06777","389.21896"
"81.40000","0.06787","390.17850"
"81.50000","0.06798","391.02209"
"81.60000","0.06804","392.04764"
"81.70000","0.06814","392.66483"
"81.80000","0.06825","393.57150"
"81.90000","0.06830","394.58838"
"82.00000","0.06841","395.25494"
"82.10000","0.06852","396.37643"
"82.20000","0.06857","397.19598"
"82.30000","0.06868","398.16605"
"82.40000","0.06873","398.65964"
"82.50000","0.06884","399.58353"
"82.60000","0.06895","400.26892"
"82.70000","0.06900","401.27432"
"82.80000","0.06911","401.92502"
"82.90000","0.06916","402.71860"
"83.00000","0.06927","403.71652"
"83.10000","0.06932","404.49899"
"83.20000","0.06943","405.19183"
"83.30000","0.06954","405.84125"
"83.40000","0.06959","406.81314"
"83.50000","0.06970","407.97693"
"83.60000","0.06975","408.59988"
"83.70000","0.06986","409.25778"
"83.80000","0.06991","410.32275"
"83.90000","0.07002","411.09866"
"84.00000","0.07007","411.87137"
"84.10000","0.07018","412.68195"
"84.20000","0.07029","413.54614"
"84.30000","0.07034","414.19180"
"84.40000","0.07045","415.13483"
"84.50000","0.07050","416.02048"
"84.60000","0.07061","416.44443"
"84.70000","0.07066","417.73431"
"84.80000","0.07077","418.31943"
"84.90000","0.07082","419.09528"
"85.00000","0.07093","420.04153"
"85.10000","0.07098","421.04355"
"85.20000","0.07109","421.41397"
"85.30000","0.07114","422.35477"
"85.40000","0.07125","423.08945"
"85.50000","0.07130","423.86588"
"85.60000","0.07141","424.56577"
"85.70000","0.07146","425.48160"
"85.80000","0.07152","426.35373"
"85.90000","0.07163","426.66614"
"86.00000","0.07168","427.57205"
"86.10000","0.07173","428.14896"
"86.20000","0.07184","428.81299"
"86.30000","0.07195","429.91187"
"86.40000","0.07200","430.77493"
"86.50000","0.07211","431.36481"
"86.60000","0.07216","432.27191"
"86.70000","0.07227","433.31949"
"86.80000","0.07232","434.00653"
"86.90000","0.07243","434.92987"
"87.00000","0.07254","435.74164"
"87.10000","0.07259","436.62646"
"87.20000","0.07270","437.28784"
"87.30000","0.07275","438.40533"
"87.40000","0.07286","439.07358"
"87.50000","0.07296","439.87448"
"87.60000","0.07302","440.88037"
"87.70000","0.07313","441.67212"
"87.80000","0.07318","442.48462"
"87.90000","0.07329","443.42429"
"88.00000","0.07339","444.26114"
"88.10000","0.07345","445.07358"
"88.20000","0.07355","445.91058"
"88.30000","0.07361","446.84122"
"88.40000","0.07371","447.49234"
"88.50000","0.07382","448.40469"
"88.60000","0.07387","449.44174"
"88.70000","0.07398","450.16653"
"88.80000","0.07409","451.04303"
"88.90000","0.07414","451.78836"
"89.00000","0.07425","452.75269"
"89.10000","0.07430","453.60007"
"89.20000","0.07441","454.45166"
"89.30000","0.07452","455.47192"
"89.40000","0.07457","455.97647"
"89.50000","0.07468","456.91028"
"89.60000","0.07473","457.76987"
"89.70000","0.07484","458.49106"
"89.80000","0.07495","459.46332"
"89.90000","0.07500","460.14041"
"90.00000","0.07511","460.88525"
"90.10000","0.07516","461.90894"
"90.20000","0.07527","462.60541"
"90.30000","0.07532","463.32761"
"90.40000","0.07543","464.37262"
"90.50000","0.07548","465.16159"
"90.60000","0.07559","465.73663"
"90.70000","0.07564","466.61606"
"90.80000","0.07575","467.34674"
"90.90000","0.07586","468.27127"
"91.00000","0.07591","469.19412"
"91.10000","0.07602","469.77783"
"91.20000","0.07607","470.80435"
"91.30000","0.07612","471.50134"
"91.40000","0.07623","471.98083"
"91.50000","0.07629","472.87894"
"91.60000","0.07639","473.47403"
"91.70000","0.07645","474.13007"
"91.80000","0.07650","474.87012"
"91.90000","0.07661","475.72827"
"92.00000","0.07666","476.52512"
"92.10000","0.07677","477.22409"
"92.20000","0.07682","477.96008"
"92.30000","0.07693","478.95541"
"92.40000","0.07704","479.84229"
"92.50000","0.07709","480.67627"
"92.60000","0.07720","481.40082"
"92.70000","0.07725","482.23151"
"92.80000","0.07736","483.03311"
"92.90000","0.07741","483.77902"
"93.00000","0.07752","484.61218"
"93.10000","0.07762","485.47015"
"93.20000","0.07768","486.46536"
"93.30000","0.07779","487.23907"
"93.40000","0.07784","488.12878"
"93.50000","0.07795","488.83835"
"93.60000","0.07805","489.66470"
"93.70000","0.07811","490.71143"
"93.80000","0.07821","491.61023"
"93.90000","0.07832","492.52707"
"94.00000","0.07843","493.11618"
"94.10000","0.07848","494.24994"
"94.20000","0.07859","495.05286"
"94.30000","0.07870","495.90860"
"94.40000","0.07875","496.78494"
"94.50000","0.07886","497.53323"
"94.60000","0.07891","498.59628"
"94.70000","0.07902","499.18811"
"94.80000","0.07907","499.94821"
"94.90000","0.07918","500.90338"
"95.00000","0.07923","501.79962"
"95.10000","0.07934","502.49039"
"95.20000","0.07945","503.45355"
"95.30000","0.07950","504.24289"
"95.40000","0.07961","504.81894"
"95.50000","0.07966","505.67865"
"95.60000","0.07977","506.48712"
"95.70000","0.07982","507.47177"
"95.80000","0.07993","508.45663"
"95.90000","0.08004","509.19235"
"96.00000","0.08009","510.01093"
"96.10000","0.08020","510.95966"
"96.20000","0.08025","511.55164"
"96.30000","0.08036","512.72729"
"96.40000","0.08041","513.39392"
"96.50000","0.08052","514.03223"
"96.60000","0.08057","515.15479"
"96.70000","0.08068","515.82654"
"96.80000","0.08079","516.82166"
"96.90000","0.08084","517.51019"
"97.00000","0.08095","518.25903"
"97.10000","0.08100","519.15698"
"97.20000","0.08111","520.26550"
"97.30000","0.08116","520.79016"
"97.40000","0.08127","521.68921"
"97.50000","0.08132","522.64935"
"97.60000","0.08143","523.21753"
"97.70000","0.08148","524.13678"
"97.80000","0.08159","524.93463"
"97.90000","0.08164","525.74658"
"98.00000","0.08175","526.46082"
"98.10000","0.08180","527.06757"
"98.20000","0.08186","527.85852"
"98.30000","0.08191","528.62543"
"98.40000","0.08202","529.17352"
"98.50000","0.08207","530.08002"
"98.60000","0.08218","530.92877"
"98.70000","0.08229","531.87573"
"98.80000","0.08234","532.56775"
"98.90000","0.08245","533.44983"
"99.00000","0.08250","534.45813"
"99.10000","0.08261","535.32416"
"99.20000","0.08266","535.95770"
"99.30000","0.08277","536.98743"
"99.40000","0.08287","537.62872"
"99.50000","0.08293","538.57141"
"99.60000","0.08304","539.56635"
"99.70000","0.08309","540.23956"
"99.80000","0.08320","541.26141"
"99.90000","0.08330","541.88220"
"100.00000","0.08336","542.74994"
"100.10000","0.08346","543.63080"
"100.20000","0.08357","544.57574"
"100.30000","0.08362","545.45850"
"100.40000","0.08373","546.27112"
"100.50000","0.08384","547.24451"
"100.60000","0.08389","548.14325"
"100.70000","0.08400","548.80536"
"100.80000","0.08405","549.81561"
"100.90000","0.08416","550.79138"
"101.00000","0.08427","551.49506"
"101.10000","0.08432","552.46857"
"101.20000","0.08443","553.20349"
"101.30000","0.08448","553.92120"
"101.40000","0.08459","554.68201"
"101.50000","0.08470","555.50922"
"101.60000","0.08475","556.43982"
"101.70000","0.08486","557.36536"
"101.80000","0.08491","557.83893"
"101.90000","0.08502","558.93738"
"102.00000","0.08507","559.60565"
"102.10000","0.08518","560.54053"
"102.20000","0.08529","561.33820"
"102.30000","0.08534","562.13470"
"102.40000","0.08545","563.01355"
"102.50000","0.08550","563.86450"
"102.60000","0.08561","564.45953"
"102.70000","0.08566","565.48572"
"102.80000","0.08577","566.04150"
"102.90000","0.08582","567.07526"
"103.00000","0.08593","567.52490"
"103.10000","0.08598","568.59052"
"103.20000","0.08609","569.30444"
"103.30000","0.08614","570.01300"
"103.40000","0.08625","570.83685"
"103.50000","0.08630","571.50165"
"103.60000","0.08641","572.43073"
"103.70000","0.08646","573.08777"
"103.80000","0.08652","573.96625"
"103.90000","0.08662","574.74939"
"104.00000","0.08668","575.20575"
"104.10000","0.08679","576.19421"
"104.20000","0.08684","576.81201"
"104.30000","0.08695","577.45325"
"104.40000","0.08700","578.43341"
"104.50000","0.08711","579.20221"
"104.60000","0.08716","580.35046"
"104.70000","0.08727","580.97443"
"104.80000","0.08732","581.93115"
"104.90000","0.08743","582.51782"
"105.00000","0.08754","583.51654"
"105.10000","0.08759","584.01746"
"105.20000","0.08770","585.01080"
"105.30000","0.08775","585.96161"
"105.40000","0.08786","586.72925"
"105.50000","0.08796","587.91949"
"105.60000","0.08802","588.68420"
"105.70000","0.08813","589.28345"
"105.80000","0.08818","590.44647"
"105.90000","0.08829","590.81293"
"106.00000","0.08839","591.93420"
"106.10000","0.08845","592.93176"
"106.20000","0.08855","593.97748"
"106.30000","0.08866","594.96722"
"106.40000","0.08871","595.76343"
"106.50000","0.08882","596.63940"
"106.60000","0.08893","597.62500"
"106.70000","0.08904","598.22418"
"106.80000","0.08909","599.18182"
"106.90000","0.08920","600.18341"
"107.00000","0.08925","600.77118"
"107.10000","0.08936","601.62653"
"107.20000","0.08941","602.57684"
"107.30000","0.08952","603.41351"
"107.40000","0.08957","604.17218"
"107.50000","0.08968","604.96881"
"107.60000","0.08973","605.98901"
"107.70000","0.08984","606.74823"
"107.80000","0.08995","607.64062"
"107.90000","0.09000","608.18091"
"108.00000","0.09011","609.48016"
"108.10000","0.09016","610.11481"
"108.20000","0.09027","610.77655"
"108.30000","0.09032","611.73932"
"108.40000","0.09043","612.68195"
"108.50000","0.09054","613.40808"
"108.60000","0.09059","614.37842"
"108.70000","0.09070","615.05817"
"108.80000","0.09075","615.97314"
"108.90000","0.09086","616.72595"
"109.00000","0.09091","617.51636"
"109.10000","0.09102","618.21008"
"109.20000","0.09107","618.98914"
"109.30000","0.09118","619.60529"
"109.40000","0.09129","620.80029"
"109.50000","0.09134","621.45105"
"109.60000","0.09145","622.55408"
"109.70000","0.09150","623.18695"
"109.80000","0.09161","623.65955"
"109.90000","0.09166","624.62946"
"110.00000","0.09171","625.62158"
"110.10000","0.09182","626.32391"
"110.20000","0.09188","626.78156"
"110.30000","0.09193","627.63208"
"110.40000","0.09204","628.26434"
"110.50000","0.09209","628.88892"
"110.60000","0.09220","629.45245"
"110.70000","0.09225","630.35004"
"110.80000","0.09236","631.17322"
"110.90000","0.09241","632.04034"
"111.00000","0.09252","632.77271"
"111.10000","0.09257","633.67548"
"111.20000","0.09268","634.44873"
"111.30000","0.09279","635.26178"
"111.40000","0.09284","636.08112"
"111.50000","0.09295","636.90491"
"111.60000","0.09300","638.02435"
"111.70000","0.09311","638.62677"
"111.80000","0.09316","639.71582"
"111.90000","0.09327","640.56757"
"112.00000","0.09337","641.23224"
"112.10000","0.09343","642.07660"
"112.20000","0.09354","642.91882"
"112.30000","0.09359","643.71216"
"112.40000","0.09370","644.76385"
"112.50000","0.09380","645.38873"
"112.60000","0.09386","646.33173"
"112.70000","0.09396","647.42609"
"112.80000","0.09407","648.35028"
"112.90000","0.09412","649.01190"
"113.00000","0.09423","650.03809"
"113.10000","0.09429","650.78113"
"113.20000","0.09439","651.44958"
"113.30000","0.09450","652.48004"
"113.40000","0.09455","653.52460"
"113.50000","0.09466","654.31531"
"113.60000","0.09477","655.03760"
"113.70000","0.09482","656.20520"
"113.80000","0.09493","657.20276"
"113.90000","0.09498","657.90924"
"114.00000","0.09509","658.54596"
"114.10000","0.09520","659.42462"
"114.20000","0.09525","660.13605"
"114.30000","0.09536","661.12152"
"114.40000","0.09541","661.99652"
"114.50000","0.09552","662.85175"
"114.60000","0.09557","663.61176"
"114.70000","0.09568","664.42511"
"114.80000","0.09573","665.22424"
"114.90000","0.09584","666.21851"
"115.00000","0.09595","666.85815"
"115.10000","0.09600","667.77802"
"115.20000","0.09611","668.52490"
"115.30000","0.09616","669.41803"
"115.40000","0.09627","670.17950"
"115.50000","0.09632","670.79132"
"115.60000","0.09643","671.74725"
"115.70000","0.09648","672.69019"
"115.80000","0.09659","673.36743"
"115.90000","0.09664","674.05359"
"116.00000","0.09670","674.67273"
"116.10000","0.09680","675.48547"
"116.20000","0.09686","675.90631"
"116.30000","0.09691","676.83173"
"116.40000","0.09702","677.61395"
"116.50000","0.09707","678.61096"
"116.60000","0.09718","679.12805"
"116.70000","0.09729","680.23340"
"116.80000","0.09734","680.90894"
"116.90000","0.09745","681.50995"
"117.00000","0.09750","682.69806"
"117.10000","0.09761","683.51776"
"117.20000","0.09766","684.20538"
"117.30000","0.09777","685.04132"
"117.40000","0.09782","685.81024"
"117.50000","0.09793","686.80304"
"117.60000","0.09804","687.74310"
"117.70000","0.09809","688.26343"
"117.80000","0.09820","689.26361"
"117.90000","0.09830","690.00104"
"118.00000","0.09836","691.08337"
"118.10000","0.09846","691.74658"
"118.20000","0.09852","692.73126"
"118.30000","0.09862","693.64642"
"118.40000","0.09873","694.71387"
"118.50000","0.09879","695.29968"
"118.60000","0.09889","696.21289"
"118.70000","0.09900","697.36823"
"118.80000","0.09911","698.15887"
"118.90000","0.09916","699.22668"
"119.00000","0.09927","699.84454"
"119.10000","0.09932","700.78638"
"119.20000","0.09943","701.73840"
"119.30000","0.09948","702.33728"
"119.40000","0.09959","703.30792"
"119.50000","0.09964","704.07574"
"119.60000","0.09975","704.95599"
"119.70000","0.09986","705.65900"
"119.80000","0.09991","706.46191"
"119.90000","0.10002","707.63605"
"120.00000","0.10007","708.47229"
"120.10000","0.10018","709.33026"
"120.20000","0.10029","709.82910"
"120.30000","0.10034","711.04047"
"120.40000","0.10045","711.67853"
"120.50000","0.10050","712.40063"
"120.60000","0.10061","713.49652"
"120.70000","0.10066","714.24017"
"120.80000","0.10077","715.00024"
"120.90000","0.10082","716.05084"
"121.00000","0.10093","716.92480"
"121.10000","0.10104","717.47705"
"121.20000","0.10109","718.40662"
"121.30000","0.10120","719.08197"
"121.40000","0.10125","720.03229"
"121.50000","0.10136","721.02686"
"121.60000","0.10141","721.72009"
"121.70000","0.10152","722.29413"
"121.80000","0.10157","723.37085"
"121.90000","0.10168","724.10254"
"122.00000","0.10173","725.06091"
"122.10000","0.10184","725.78503"
"122.20000","0.10189","726.61737"
"122.30000","0.10200","727.35706"
"122.40000","0.10205","728.18188"
"122.50000","0.10211","728.88788"
"122.60000","0.10221","729.53046"
"122.70000","0.10227","730.41919"
"122.80000","0.10232","730.99133"
"122.90000","0.10243","731.91779"
"123.00000","0.10248","732.65027"
"123.10000","0.10259","733.36414"
"123.20000","0.10270","734.15033"
"123.30000","0.10275","734.96936"
"123.40000","0.10286","736.15210"
"123.50000","0.10291","736.94177"
"123.60000","0.10302","737.90942"
"123.70000","0.10307","738.72107"
"123.80000","0.10318","739.66901"
"123.90000","0.10329","740.29877"
"124.00000","0.10334","741.28491"
"124.10000","0.10345","741.87079"
"124.20000","0.10355","742.92639"
"124.30000","0.10361","743.95135"
"124.40000","0.10371","744.66064"
"124.50000","0.10377","745.41357"
"124.60000","0.10387","746.33624"
"124.70000","0.10398","747.23438"
"124.80000","0.10404","748.27771"
"124.90000","0.10414","749.11804"
"125.00000","0.10425","749.87598"
"125.10000","0.10430","750.80170"
"125.20000","0.10441","751.55438"
"125.30000","0.10452","752.34021"
"125.40000","0.10457","753.66235"
"125.50000","0.10468","754.23035"
"125.60000","0.10473","755.04199"
"125.70000","0.10484","755.92987"
"125.80000","0.10495","756.70056"
"125.90000","0.10500","757.53729"
"126.00000","0.10511","758.52863"
"126.10000","0.10516","759.35767"
"126.20000","0.10527","760.15369"
"126.30000","0.10532","761.01312"
"126.40000","0.10543","761.58667"
"126.50000","0.10554","762.50732"
"126.60000","0.10559","763.58673"
"126.70000","0.10570","764.34601"
"126.80000","0.10575","764.88879"
"126.90000","0.10586","765.79645"
"127.00000","0.10591","766.63293"
"127.10000","0.10602","767.36444"
"127.20000","0.10607","768.19263"
"127.30000","0.10618","769.16895"
"127.40000","0.10623","769.92957"
"127.50000","0.10634","770.57581"
"127.60000","0.10639","771.50598"
"127.70000","0.10650","772.21906"
"127.80000","0.10655","773.27277"
"127.90000","0.10666","773.89886"
"128.00000","0.10671","774.75592"
"128.10000","0.10682","775.43506"
"128.20000","0.10688","776.23401"
"128.30000","0.10693","776.86096"
"128.40000","0.10704","777.55896"
"128.50000","0.10709","778.43268"
"128.60000","0.10720","779.23633"
"128.70000","0.10725","780.06934"
"128.80000","0.10736","780.80750"
"128.90000","0.10741","781.74799"
"129.00000","0.10752","782.58972"
"129.10000","0.10757","783.30487"
"129.20000","0.10768","784.10333"
"129.30000","0.10773","785.07214"
"129.40000","0.10784","785.79877"
"129.50000","0.10795","786.72083"
"129.60000","0.10800","787.43170"
"129.70000","0.10811","788.67505"
"129.80000","0.10816","789.26770"
"129.90000","0.10827","790.11621"
"130.00000","0.10837","791.19421"
"130.10000","0.10843","792.02069"
"130.20000","0.10854","792.86896"
"130.30000","0.10864","793.98218"
"130.40000","0.10870","794.65155"
"130.50000","0.10880","795.45416"
"130.60000","0.10891","796.49786"
"130.70000","0.10902","797.50818"
"130.80000","0.10907","798.54083"
"130.90000","0.10918","799.57269"
"131.00000","0.10923","800.32013"
"131.10000","0.10934","801.18207"
"131.20000","0.10945","801.89862"
"131.30000","0.10950","802.68555"
"131.40000","0.10961","803.74744"
"131.50000","0.10966","804.34680"
"131.60000","0.10977","805.29114"
"131.70000","0.10982","806.34485"
"131.80000","0.10993","806.76691"
"131.90000","0.11004","807.69482"
"132.00000","0.11009","808.72345"
"132.10000","0.11020","809.67670"
"132.20000","0.11025","810.32977"
"132.30000","0.11036","811.30933"
"132.40000","0.11041","811.89502"
"132.50000","0.11052","812.82788"
"132.60000","0.11057","813.72351"
"132.70000","0.11068","814.37238"
"132.80000","0.11079","815.27466"
"132.90000","0.11084","815.93823"
"133.00000","0.11095","816.83380"
"133.10000","0.11100","817.74976"
"133.20000","0.11111","818.84125"
"133.30000","0.11116","819.42609"
"133.40000","0.11127","820.22034"
"133.50000","0.11137","821.21313"
"133.60000","0.11143","821.91357"
"133.70000","0.11154","822.84106"
"133.80000","0.11159","823.58423"
"133.90000","0.11170","824.32306"
"134.00000","0.11175","825.21716"
"134.10000","0.11186","826.07013"
"134.20000","0.11191","826.53430"
"134.30000","0.11202","827.51160"
"134.40000","0.11207","828.46326"
"134.50000","0.11218","829.36682"
"134.60000","0.11223","829.99402"
"134.70000","0.11229","830.55896"
"134.80000","0.11239","831.31567"
"134.90000","0.11245","831.95135"
"135.00000","0.11250","832.77472"
"135.10000","0.11261","833.36279"
"135.20000","0.11266","834.24603"
"135.30000","0.11277","834.90131"
"135.40000","0.11282","835.75739"
"135.50000","0.11293","836.77045"
"135.60000","0.11304","837.56744"
"135.70000","0.11309","838.33759"
"135.80000","0.11320","839.20477"
"135.90000","0.11325","840.35718"
"136.00000","0.11336","840.98639"
"136.10000","0.11346","841.69312"
"136.20000","0.11352","842.56207"
"136.30000","0.11362","843.45325"
"136.40000","0.11368","844.48480"
"136.50000","0.11379","845.13080"
"136.60000","0.11384","846.01630"
"136.70000","0.11395","846.94427"
"136.80000","0.11405","847.71710"
"136.90000","0.11411","848.55457"
"137.00000","0.11421","849.66180"
"137.10000","0.11432","850.27136"
"137.20000","0.11437","851.30634"
"137.30000","0.11448","852.19196"
"137.40000","0.11459","853.00641"
"137.50000","0.11464","853.79968"
"137.60000","0.11475","854.63531"
"137.70000","0.11486","855.51630"
"137.80000","0.11491","856.51392"
"137.90000","0.11502","857.30060"
"138.00000","0.11507","858.14594"
"138.10000","0.11518","859.01105"
"138.20000","0.11529","859.77570"
"138.30000","0.11534","860.47906"
"138.40000","0.11545","861.36139"
"138.50000","0.11550","862.42242"
"138.60000","0.11561","863.21106"
"138.70000","0.11566","864.06500"
"138.80000","0.11577","864.60846"
"138.90000","0.11582","865.56549"
"139.00000","0.11593","866.37915"
"139.10000","0.11604","867.07623"
"139.20000","0.11609","868.30457"
"139.30000","0.11620","868.66693"
"139.40000","0.11625","869.64154"
"139.50000","0.11636","870.45392"
"139.60000","0.11641","871.25073"
"139.70000","0.11652","872.10059"
"139.80000","0.11657","872.84161"
"139.90000","0.11668","873.62756"
"140.00000","0.11673","874.52551"
"140.10000","0.11684","875.26532"
"140.20000","0.11689","875.89484"
"140.30000","0.11700","876.77161"
"140.40000","0.11705","877.44836"
"140.50000","0.11711","878.33484"
"140.60000","0.11721","878.90741"
"140.70000","0.11727","879.63116"
"140.80000","0.11732","880.27533"
"140.90000","0.11743","881.12665"
"141.00000","0.11754","881.96576"
"141.10000","0.11759","882.61743"
"141.20000","0.11770","883.51880"
"141.30000","0.11775","884.35211"
"141.40000","0.11786","885.15894"
"141.50000","0.11791","886.16028"
"141.60000","0.11802","886.74548"
"141.70000","0.11807","887.82709"
"141.80000","0.11818","888.72968"
"141.90000","0.11829","889.38544"
"142.00000","0.11834","890.38605"
"142.10000","0.11845","891.03882"
"142.20000","0.11850","892.18878"
"142.30000","0.11861","893.13849"
"142.40000","0.11871","893.62305"
"142.50000","0.11877","894.56183"
"142.60000","0.11887","895.70734"
"142.70000","0.11898","896.55072"
"142.80000","0.11904","897.51215"
"142.90000","0.11914","898.54114"
"143.00000","0.11925","899.63446"
"143.10000","0.11936","900.41180"
"143.20000","0.11941","901.19092"
"143.30000","0.11952","901.91321"
"143.40000","0.11957","902.95099"
"143.50000","0.11968","903.55634"
"143.60000","0.11973","904.46234"
"143.70000","0.11984","905.23798"
"143.80000","0.11995","906.36383"
"143.90000","0.12000","907.17871"
"144.00000","0.12011","907.90051"
"144.10000","0.12016","908.82532"
"144.20000","0.12027","909.49567"
"144.30000","0.12032","910.48169"
"144.40000","0.12043","911.26202"
"144.50000","0.12054","912.17456"
"144.60000","0.12059","913.01624"
"144.70000","0.12070","913.97784"
"144.80000","0.12075","914.77039"
"144.90000","0.12086","915.51306"
"145.00000","0.12091","916.24408"
"145.10000","0.12102","917.20630"
"145.20000","0.12107","917.98090"
"145.30000","0.12118","918.99500"
"145.40000","0.12129","919.63580"
"145.50000","0.12134","920.64441"
"145.60000","0.12145","921.24292"
"145.70000","0.12150","922.23480"
"145.80000","0.12161","923.08429"
"145.90000","0.12166","923.74683"
"146.00000","0.12177","924.53876"
"146.10000","0.12182","925.62988"
"146.20000","0.12193","926.07880"
"146.30000","0.12198","926.89496"
"146.40000","0.12209","927.84296"
"146.50000","0.12214","928.37775"
"146.60000","0.12225","929.29443"
"146.70000","0.12230","930.09167"
"146.80000","0.12241","930.73517"
"146.90000","0.12246","931.43030"
"147.00000","0.12252","932.15387"
"147.10000","0.12263","932.84662"
"147.20000","0.12268","933.60297"
"147.30000","0.12273","934.13666"
"147.40000","0.12284","935.07025"
"147.50000","0.12295","935.75708"
"147.60000","0.12300","936.64294"
"147.70000","0.12311","937.36542"
"147.80000","0.12316","938.08539"
"147.90000","0.12327","939.08173"
"148.00000","0.12338","939.80481"
"148.10000","0.12343","940.58722"
"148.20000","0.12354","941.39734"
"148.30000","0.12359","942.19519"
"148.40000","0.12370","942.90106"
"148.50000","0.12375","943.89752"
"148.60000","0.12386","944.66730"
"148.70000","0.12396","945.51385"
"148.80000","0.12402","946.59204"
"148.90000","0.12412","947.26917"
"149.00000","0.12423","948.15552"
"149.10000","0.12429","948.97998"
"149.20000","0.12439","949.87268"
"149.30000","0.12445","950.89056"
"149.40000","0.12455","951.71149"
"149.50000","0.12466","952.54572"
"149.60000","0.12471","953.46002"
"149.70000","0.12482","954.25372"
"149.80000","0.12493","955.16559"
"149.90000","0.12498","955.99786"
"150.00000","0.12509","956.62292"
"150.10000","0.12514","957.59845"
"150.20000","0.12525","958.30511"
"150.30000","0.12536","959.29370"
"150.40000","0.12541","960.14075"
"150.50000","0.12552","961.01917"
"150.60000","0.12557","961.90674"
"150.70000","0.12568","962.59052"
"150.80000","0.12573","963.44598"
"150.90000","0.12584","964.22754"
"151.00000","0.12595","965.43811"
"151.10000","0.12600","965.72858"
"151.20000","0.12611","966.95660"
"151.30000","0.12616","967.54175"
"151.40000","0.12627","968.46887"
"151.50000","0.12632","969.48230"
"151.60000","0.12643","970.25623"
"151.70000","0.12648","971.03052"
"151.80000","0.12659","971.86310"
"151.90000","0.12670","972.67126"
"152.00000","0.12675","973.50745"
"152.10000","0.12686","974.28815"
"152.20000","0.12691","975.06354"
"152.30000","0.12702","976.00287"
"152.40000","0.12707","976.66125"
"152.50000","0.12713","977.57489"
"152.60000","0.12723","978.22211"
"152.70000","0.12729","979.03033"
"152.80000","0.12734","979.60809"
"152.90000","0.12745","980.22278"
"153.00000","0.12750","981.25867"
"153.10000","0.12761","982.12872"
"153.20000","0.12766","982.81299"
"153.30000","0.12777","983.51074"
"153.40000","0.12782","984.37195"
"153.50000","0.12793","985.06696"
"153.60000","0.12804","985.98889"
"153.70000","0.12809","986.76019"
"153.80000","0.12820","987.73352"
"153.90000","0.12825","988.60681"
"154.00000","0.12836","989.40692"
"154.10000","0.12841","990.32800"
"154.20000","0.12852","991.41150"
"154.30000","0.12862","992.05255"
"154.40000","0.12868","992.94843"
"154.50000","0.12879","993.64197"
"154.60000","0.12884","994.59662"
"154.70000","0.12895","995.53717"
"154.80000","0.12905","996.41125"
"154.90000","0.12911","997.29541"
"155.00000","0.12921","997.92023"
"155.10000","0.12932","998.92267"
"155.20000","0.12943","999.79498"
"155.30000","0.12948","1000.82184"
"155.40000","0.12959","1001.56079"
"155.50000","0.12970","1002.59991"
"155.60000","0.12975","1003.47687"
"155.70000","0.12986","1004.16779"
"155.80000","0.12991","1004.78186"
"155.90000","0.13002","1005.72009"
"156.00000","0.13007","1006.50610"
"156.10000","0.13018","1007.33356"
"156.20000","0.13023","1008.25623"
"156.30000","0.13034","1008.96130"
"156.40000","0.13039","1009.85358"
"156.50000","0.13050","1010.75067"
"156.60000","0.13061","1011.53564"
"156.70000","0.13066","1012.31183"
"156.80000","0.13077","1013.07794"
"156.90000","0.13082","1013.90460"
"157.00000","0.13093","1014.78741"
"157.10000","0.13104","1015.55743"
"157.20000","0.13109","1016.32062"
"157.30000","0.13120","1016.99567"
"157.40000","0.13125","1018.02045"
"157.50000","0.13136","1018.71942"
"157.60000","0.13141","1019.51538"
"157.70000","0.13152","1020.26031"
"157.80000","0.13157","1021.47961"
"157.90000","0.13168","1022.27936"
"158.00000","0.13179","1022.96387"
"158.10000","0.13184","1023.63770"
"158.20000","0.13195","1024.49231"
"158.30000","0.13200","1025.46716"
"158.40000","0.13211","1026.25793"
"158.50000","0.13216","1026.92603"
"158.60000","0.13227","1027.65466"
"158.70000","0.13232","1028.49622"
"158.80000","0.13243","1029.25708"
"158.90000","0.13248","1030.14832"
"159.00000","0.13259","1030.90527"
"159.10000","0.13264","1031.54333"
"159.20000","0.13270","1032.31689"
"159.30000","0.13280","1033.23035"
"159.40000","0.13286","1033.70605"
"159.50000","0.13291","1034.24976"
"159.60000","0.13302","1035.14990"
"159.70000","0.13307","1035.85864"
"159.80000","0.13318","1037.02637"
"159.90000","0.13323","1037.57800"
"160.00000","0.13334","1038.48987"
"160.10000","0.13345","1039.30359"
"160.20000","0.13350","1040.28796"
"160.30000","0.13361","1041.09814"
"160.40000","0.13366","1041.89075"
"160.50000","0.13377","1042.79419"
"160.60000","0.13387","1043.55420"
"160.70000","0.13393","1044.41553"
"160.80000","0.13404","1045.48962"
"160.90000","0.13409","1046.05688"
"161.00000","0.13420","1047.23425"
"161.10000","0.13430","1048.02856"
"161.20000","0.13436","1048.85950"
"161.30000","0.13446","1049.84607"
"161.40000","0.13452","1050.60876"
"161.50000","0.13463","1051.45642"
"161.60000","0.13473","1052.27747"
"161.70000","0.13479","1053.51367"
"161.80000","0.13489","1054.42798"
"161.90000","0.13500","1055.26367"
"162.00000","0.13505","1055.86035"
"162.10000","0.13516","1057.06543"
"162.20000","0.13527","1057.99280"
"162.30000","0.13532","1058.83350"
"162.40000","0.13543","1059.60254"
"162.50000","0.13548","1060.37256"
"162.60000","0.13559","1061.41101"
"162.70000","0.13570","1061.78125"
"162.80000","0.13575","1062.93372"
"162.90000","0.13586","1063.54871"
"163.00000","0.13591","1064.44043"
"163.10000","0.13602","1065.21252"
"163.20000","0.13607","1066.12610"
"163.30000","0.13618","1066.73108"
"163.40000","0.13629","1067.92395"
"163.50000","0.13634","1068.54956"
"163.60000","0.13645","1069.44678"
"163.70000","0.13650","1070.49426"
"163.80000","0.13661","1071.11707"
"163.90000","0.13666","1071.81128"
"164.00000","0.13677","1072.49878"
"164.10000","0.13682","1073.51221"
"164.20000","0.13693","1074.21667"
"164.30000","0.13698","1074.99500"
"164.40000","0.13709","1075.82336"
"164.50000","0.13714","1076.72314"
"164.60000","0.13725","1077.48462"
"164.70000","0.13730","1078.37036"
"164.80000","0.13741","1078.82886"
"164.90000","0.13746","1079.55664"
"165.00000","0.13752","1080.17615"
"165.10000","0.13762","1080.86243"
"165.20000","0.13768","1081.73828"
"165.30000","0.13779","1082.34106"
"165.40000","0.13784","1083.30139"
"165.50000","0.13795","1084.05017"
"165.60000","0.13800","1084.68701"
"165.70000","0.13811","1085.69434"
"165.80000","0.13816","1086.39429"
"165.90000","0.13827","1087.36023"
"166.00000","0.13832","1088.10559"
"166.10000","0.13843","1088.73413"
"166.20000","0.13854","1089.61780"
"166.30000","0.13859","1090.59814"
"166.40000","0.13870","1091.52917"
"166.50000","0.13875","1092.20203"
"166.60000","0.13886","1092.96362"
"166.70000","0.13896","1094.15967"
"166.80000","0.13902","1094.80408"
"166.90000","0.13913","1095.85498"
"167.00000","0.13918","1096.62109"
"167.10000","0.13929","1097.43884"
"167.20000","0.13939","1098.22131"
"167.30000","0.13950","1099.17053"
"167.40000","0.13961","1100.39661"
"167.50000","0.13966","1101.19556"
"167.60000","0.13977","1102.12231"
"167.70000","0.13982","1102.69092"
"167.80000","0.13993","1103.50854"
"167.90000","0.13998","1104.31177"
"168.00000","0.14009","1105.11633"
"168.10000","0.14014","1105.85303"
"168.20000","0.14025","1106.66968"
"168.30000","0.14036","1107.77258"
"168.40000","0.14041","1108.36157"
"168.50000","0.14052","1109.23425"
"168.60000","0.14057","1109.96655"
"168.70000","0.14068","1110.89087"
"168.80000","0.14073","1111.65662"
"168.90000","0.14084","1112.44214"
"169.00000","0.14095","1113.49377"
"169.10000","0.14100","1114.11353"
"169.20000","0.14111","1115.09448"
"169.30000","0.14116","1115.96729"
"169.40000","0.14127","1116.72668"
"169.50000","0.14132","1117.24634"
"169.60000","0.14143","1118.30420"
"169.70000","0.14154","1119.21106"
"169.80000","0.14159","1119.97534"
"169.90000","0.14170","1120.73914"
"170.00000","0.14175","1121.91919"
"170.10000","0.14186","1122.41846"
"170.20000","0.14191","1123.47339"
"170.30000","0.14202","1124.00891"
"170.40000","0.14207","1125.01050"
"170.50000","0.14218","1125.74170"
"170.60000","0.14223","1126.56274"
"170.70000","0.14234","1127.30884"
"170.80000","0.14245","1128.32092"
"170.90000","0.14250","1129.21936"
"171.00000","0.14261","1129.99158"
"171.10000","0.14266","1130.69409"
"171.20000","0.14271","1131.44043"
"171.30000","0.14282","1132.32751"
"171.40000","0.14288","1132.75513"
"171.50000","0.14293","1133.77283"
"171.60000","0.14304","1134.08423"
"171.70000","0.14309","1134.98926"
"171.80000","0.14320","1135.67676"
"171.90000","0.14325","1136.69470"
"172.00000","0.14336","1137.12024"
"172.10000","0.14341","1138.19531"
"172.20000","0.14352","1138.99365"
"172.30000","0.14357","1139.96277"
"172.40000","0.14368","1140.69849"
"172.50000","0.14379","1141.35486"
"172.60000","0.14384","1142.55249"
"172.70000","0.14395","1143.41370"
"172.80000","0.14400","1144.07910"
"172.90000","0.14411","1144.92578"
"173.00000","0.14421","1145.86218"
"173.10000","0.14427","1146.84485"
"173.20000","0.14438","1147.68311"
"173.30000","0.14443","1148.50500"
"173.40000","0.14454","1149.38965"
"173.50000","0.14464","1150.15039"
"173.60000","0.14470","1151.13208"
"173.70000","0.14480","1151.85742"
"173.80000","0.14486","1152.69873"
"173.90000","0.14496","1153.71790"
"174.00000","0.14507","1154.42908"
"174.10000","0.14513","1155.51306"
"174.20000","0.14523","1156.41846"
"174.30000","0.14529","1157.41223"
"174.40000","0.14539","1157.96484"
"174.50000","0.14550","1159.05896"
"174.60000","0.14555","1159.86707"
"174.70000","0.14566","1160.79614"
"174.80000","0.14577","1161.73071"
"174.90000","0.14582","1162.50916"
"175.00000","0.14593","1163.43103"
"175.10000","0.14598","1164.12146"
"175.20000","0.14609","1164.95068"
"175.30000","0.14620","1165.52539"
"175.40000","0.14625","1166.63281"
"175.50000","0.14636","1167.31104"
"175.60000","0.14641","1168.28857"
"175.70000","0.14652","1169.00513"
"175.80000","0.14657","1169.97046"
"175.90000","0.14668","1170.86279"
"176.00000","0.14679","1171.82703"
"176.10000","0.14684","1172.45349"
"176.20000","0.14689","1173.16748"
"176.30000","0.14700","1174.05188"
"176.40000","0.14711","1174.68616"
"176.50000","0.14716","1175.84705"
"176.60000","0.14727","1176.53796"
"176.70000","0.14732","1177.03113"
"176.80000","0.14743","1178.05066"
"176.90000","0.14748","1178.87097"
"177.00000","0.14754","1179.68872"
"177.10000","0.14764","1180.37732"
"177.20000","0.14770","1180.97156"
"177.30000","0.14780","1181.93323"
"177.40000","0.14786","1182.37292"
"177.50000","0.14791","1183.17749"
"177.60000","0.14802","1184.02893"
"177.70000","0.14807","1184.86804"
"177.80000","0.14818","1185.43530"
"177.90000","0.14829","1186.38306"
"178.00000","0.14834","1187.39624"
"178.10000","0.14845","1187.81140"
"178.20000","0.14850","1188.98047"
"178.30000","0.14861","1189.66357"
"178.40000","0.14866","1190.40466"
"178.50000","0.14877","1191.34644"
"178.60000","0.14887","1192.16211"
"178.70000","0.14893","1192.86206"
"178.80000","0.14904","1193.91541"
"178.90000","0.14909","1194.65259"
"179.00000","0.14920","1195.54626"
"179.10000","0.14930","1196.65369"
"179.20000","0.14936","1197.18018"
"179.30000","0.14946","1198.25720"
"179.40000","0.14957","1199.01257"
"179.50000","0.14963","1200.08813"
"179.60000","0.14973","1201.11462"
"179.70000","0.14984","1201.73083"
"179.80000","0.14995","1202.81787"
"179.90000","0.15000","1203.54907"
"180.00000","0.15011","1204.34058"
"180.10000","0.15016","1205.04224"
"180.20000","0.15027","1205.97974"
"180.30000","0.15032","1206.76929"
"180.40000","0.15043","1207.53552"
"180.50000","0.15048","1208.42578"
"180.60000","0.15059","1209.27856"
"180.70000","0.15064","1209.79895"
"180.80000","0.15075","1210.93433"
"180.90000","0.15086","1211.73633"
"181.00000","0.15091","1212.56177"
"181.10000","0.15102","1213.51062"
"181.20000","0.15107","1214.30212"
"181.30000","0.15118","1215.24377"
"181.40000","0.15123","1216.02954"
"181.50000","0.15134","1217.02356"
"181.60000","0.15145","1217.56067"
"181.70000","0.15150","1218.55823"
"181.80000","0.15161","1219.48242"
"181.90000","0.15166","1220.23804"
"182.00000","0.15177","1221.11804"
"182.10000","0.15182","1221.78418"
"182.20000","0.15193","1222.82898"
"182.30000","0.15204","1223.79333"
"182.40000","0.15209","1224.39648"
"182.50000","0.15220","1225.34863"
"182.60000","0.15225","1226.11487"
"182.70000","0.15236","1227.14771"
"182.80000","0.15241","1227.75525"
"182.90000","0.15252","1228.73438"
"183.00000","0.15257","1229.47607"
"183.10000","0.15268","1230.27258"
"183.20000","0.15273","1231.16394"
"183.30000","0.15284","1231.94824"
"183.40000","0.15289","1232.86926"
"183.50000","0.15300","1233.55627"
"183.60000","0.15305","1234.42773"
"183.70000","0.15311","1234.87708"
"183.80000","0.15321","1235.69470"
"183.90000","0.15327","1236.40125"
"184.00000","0.15332","1237.03088"
"184.10000","0.15343","1237.96533"
"184.20000","0.15354","1238.72815"
"184.30000","0.15359","1239.59265"
"184.40000","0.15370","1240.41321"
"184.50000","0.15375","1241.23462"
"184.60000","0.15386","1242.00659"
"184.70000","0.15391","1243.01086"
"184.80000","0.15402","1243.82898"
"184.90000","0.15412","1244.63818"
"185.00000","0.15418","1245.42712"
"185.10000","0.15429","1246.17358"
"185.20000","0.15434","1247.51343"
"185.30000","0.15445","1248.10913"
"185.40000","0.15455","1248.91931"
"185.50000","0.15461","1249.84033"
"185.60000","0.15471","1250.50427"
"185.70000","0.15477","1251.40320"
"185.80000","0.15487","1252.20532"
"185.90000","0.15498","1252.98022"
"186.00000","0.15504","1253.98279"
"186.10000","0.15514","1254.58740"
"186.20000","0.15525","1255.75769"
"186.30000","0.15530","1256.39172"
"186.40000","0.15541","1257.12952"
"186.50000","0.15546","1258.22217"
"186.60000","0.15557","1258.82263"
"186.70000","0.15568","1259.90906"
"186.80000","0.15573","1260.90125"
"186.90000","0.15584","1261.50659"
"187.00000","0.15595","1262.28601"
"187.10000","0.15600","1263.12451"
"187.20000","0.15611","1264.11584"
"187.30000","0.15616","1264.74084"
"187.40000","0.15627","1265.32056"
"187.50000","0.15632","1266.29468"
"187.60000","0.15643","1267.08069"
"187.70000","0.15648","1267.94836"
"187.80000","0.15659","1268.88721"
"187.90000","0.15670","1269.50623"
"188.00000","0.15675","1270.60840"
"188.10000","0.15686","1271.28088"
"188.20000","0.15691","1272.05713"
"188.30000","0.15702","1272.71375"
"188.40000","0.15707","1273.57568"
"188.50000","0.15718","1274.53223"
"188.60000","0.15723","1275.24829"
"188.70000","0.15734","1276.00378"
"188.80000","0.15739","1276.73975"
"188.90000","0.15750","1277.56042"
"189.00000","0.15761","1278.42175"
"189.10000","0.15766","1279.15552"
"189.20000","0.15771","1280.13965"
"189.30000","0.15782","1280.65601"
"189.40000","0.15788","1281.38196"
"189.50000","0.15798","1282.15308"
"189.60000","0.15804","1282.78320"
"189.70000","0.15809","1283.40527"
"189.80000","0.15820","1284.16663"
"189.90000","0.15825","1285.11963"
"190.00000","0.15836","1285.96997"
"190.10000","0.15841","1286.82007"
"190.20000","0.15852","1287.68103"
"190.30000","0.15857","1288.39514"
"190.40000","0.15868","1289.34229"
"190.50000","0.15879","1290.24316"
"190.60000","0.15884","1290.78662"
"190.70000","0.15895","1291.48694"
"190.80000","0.15900","1292.55725"
"190.90000","0.15911","1293.54858"
"191.00000","0.15916","1294.09082"
"191.10000","0.15927","1295.01025"
"191.20000","0.15938","1295.96350"
"191.30000","0.15943","1296.74426"
"191.40000","0.15954","1297.80298"
"191.50000","0.15964","1298.41064"
"191.60000","0.15970","1299.46497"
"191.70000","0.15980","1300.37122"
"191.80000","0.15991","1301.16992"
"191.90000","0.16002","1302.13196"
"192.00000","0.16007","1303.17969"
"192.10000","0.16018","1304.01465"
"192.20000","0.16023","1304.99365"
"192.30000","0.16034","1305.69397"
"192.40000","0.16045","1306.52332"
"192.50000","0.16050","1307.29639"
"192.60000","0.16061","1307.86951"
"192.70000","0.16066","1309.02551"
"192.80000","0.16077","1309.89331"
"192.90000","0.16082","1310.56702"
"193.00000","0.16093","1311.47412"
"193.10000","0.16098","1312.17029"
"193.20000","0.16109","1312.81018"
"193.30000","0.16120","1313.87061"
"193.40000","0.16125","1314.47339"
"193.50000","0.16136","1315.69153"
"193.60000","0.16141","1316.24670"
"193.70000","0.16152","1317.04492"
"193.80000","0.16157","1317.88000"
"193.90000","0.16168","1318.66211"
"194.00000","0.16179","1319.54370"
"194.10000","0.16184","1320.22424"
"194.20000","0.16195","1320.92761"
"194.30000","0.16200","1322.07861"
"194.40000","0.16211","1322.91040"
"194.50000","0.16216","1323.49597"
"194.60000","0.16227","1324.43665"
"194.70000","0.16232","1325.22205"
"194.80000","0.16243","1325.94373"
"194.90000","0.16254","1326.59473"
"195.00000","0.16259","1327.36499"
"195.10000","0.16270","1328.40210"
"195.20000","0.16275","1329.13086"
"195.30000","0.16286","1329.74365"
"195.40000","0.16291","1330.66016"
"195.50000","0.16302","1331.50305"
"195.60000","0.16307","1332.20020"
"195.70000","0.16313","1332.91248"
"195.80000","0.16323","1333.41199"
"195.90000","0.16329","1334.37122"
"196.00000","0.16334","1334.87634"
"196.10000","0.16345","1335.40234"
"196.20000","0.16350","1336.27673"
"196.30000","0.16361","1337.16174"
"196.40000","0.16366","1337.95508"
"196.50000","0.16377","1338.74512"
"196.60000","0.16382","1339.33191"
"196.70000","0.16393","1340.24036"
"196.80000","0.16404","1341.13391"
"196.90000","0.16409","1341.89685"
"197.00000","0.16420","1342.84778"
"197.10000","0.16425","1343.79456"
"197.20000","0.16436","1344.39734"
"197.30000","0.16441","1345.17102"
"197.40000","0.16452","1346.03918"
"197.50000","0.16463","1347.11426"
"197.60000","0.16468","1347.75586"
"197.70000","0.16479","1348.80505"
"197.80000","0.16484","1349.53174"
"197.90000","0.16495","1350.21033"
"198.00000","0.16505","1351.23926"
"198.10000","0.16511","1351.79675"
"198.20000","0.16521","1352.84448"
"198.30000","0.16532","1353.77405"
"198.40000","0.16538","1354.53186"
"198.50000","0.16548","1355.52173"
"198.60000","0.16559","1356.09607"
"198.70000","0.16564","1357.11829"
"198.80000","0.16575","1358.05420"
"198.90000","0.16586","1359.04895"
"199.00000","0.16591","1359.68457"
"199.10000","0.16602","1360.49451"
"199.20000","0.16607","1361.47998"
"199.30000","0.16618","1362.26685"
"199.40000","0.16623","1363.06470"
"199.50000","0.16634","1363.77246"
"199.60000","0.16645","1364.39404"
"199.70000","0.16650","1365.37170"
"199.80000","0.16661","1366.22864"
"199.90000","0.16666","1367.12476"
"200.00000","0.16677","1367.95020"
"200.10000","0.16682","1368.57458"
"200.20000","0.16693","1369.43811"
"200.30000","0.16698","1370.38123"
"200.40000","0.16709","1371.14832"
"200.50000","0.16720","1372.02466"
"200.60000","0.16725","1372.81641"
"200.70000","0.16736","1373.68103"
"200.80000","0.16741","1374.38281"
"200.90000","0.16752","1374.97229"
"201.00000","0.16757","1376.02991"
"201.10000","0.16768","1376.90259"
"201.20000","0.16773","1377.28845"
"201.30000","0.16784","1378.13379"
"201.40000","0.16789","1379.10645"
"201.50000","0.16800","1379.43701"
"201.60000","0.16805","1380.32153"
"201.70000","0.16811","1380.98523"
"201.80000","0.16821","1381.72693"
"201.90000","0.16827","1382.51392"
"202.00000","0.16838","1383.17419"
"202.10000","0.16843","1383.87561"
"202.20000","0.16854","1384.56750"
"202.30000","0.16859","1385.49048"
"202.40000","0.16870","1386.04211"
"202.50000","0.16875","1387.20300"
"202.60000","0.16886","1387.67432"
"202.70000","0.16891","1388.69580"
"202.80000","0.16902","1389.30591"
"202.90000","0.16913","1390.32092"
"203.00000","0.16918","1390.92688"
"203.10000","0.16929","1391.71497"
"203.20000","0.16934","1392.57983"
"203.30000","0.16945","1393.35144"
"203.40000","0.16950","1394.32495"
"203.50000","0.16961","1395.23743"
"203.60000","0.16971","1395.78503"
"203.70000","0.16977","1396.90869"
"203.80000","0.16987","1397.53210"
"203.90000","0.16998","1398.48657"
"204.00000","0.17004","1399.35046"
"204.10000","0.17014","1400.22815"
"204.20000","0.17025","1401.35718"
"204.30000","0.17036","1402.13220"
"204.40000","0.17041","1403.03027"
"204.50000","0.17052","1403.72058"
"204.60000","0.17057","1404.49487"
"204.70000","0.17068","1405.20068"
"204.80000","0.17073","1406.11963"
"204.90000","0.17084","1406.82581"
"205.00000","0.17095","1407.56653"
"205.10000","0.17100","1408.68359"
"205.20000","0.17111","1409.26318"
"205.30000","0.17116","1410.07324"
"205.40000","0.17127","1410.97156"
"205.50000","0.17132","1411.81958"
"205.60000","0.17143","1412.65906"
"205.70000","0.17154","1413.39697"
"205.80000","0.17159","1413.99890"
"205.90000","0.17170","1414.86792"
"206.00000","0.17175","1415.67224"
"206.10000","0.17186","1416.52075"
"206.20000","0.17191","1417.51086"
"206.30000","0.17202","1418.16614"
"206.40000","0.17207","1418.89026"
"206.50000","0.17218","1419.80627"
"206.60000","0.17229","1420.49976"
"206.70000","0.17234","1421.44312"
"206.80000","0.17245","1422.10364"
"206.90000","0.17250","1422.87927"
"207.00000","0.17261","1423.95496"
"207.10000","0.17266","1424.60449"
"207.20000","0.17277","1425.15405"
"207.30000","0.17282","1426.18848"
"207.40000","0.17293","1426.95667"
"207.50000","0.17298","1427.89368"
"207.60000","0.17309","1428.45850"
"207.70000","0.17314","1429.23682"
"207.80000","0.17325","1430.34058"
"207.90000","0.17330","1430.75073"
"208.00000","0.17341","1431.54297"
"208.10000","0.17346","1432.24609"
"208.20000","0.17352","1433.10461"
"208.30000","0.17362","1433.54993"
"208.40000","0.17368","1434.00220"
"208.50000","0.17373","1434.87402"
"208.60000","0.17384","1435.62646"
"208.70000","0.17395","1436.24475"
"208.80000","0.17400","1437.31055"
"208.90000","0.17411","1438.19617"
"209.00000","0.17416","1438.99829"
"209.10000","0.17427","1439.85620"
"209.20000","0.17432","1440.64392"
"209.30000","0.17443","1441.38647"
"209.40000","0.17454","1442.41895"
"209.50000","0.17459","1443.02393"
"209.60000","0.17470","1443.67358"
"209.70000","0.17480","1444.63550"
"209.80000","0.17486","1445.41577"
"209.90000","0.17496","1446.07239"
"210.00000","0.17502","1447.05969"
"210.10000","0.17512","1447.76196"
"210.20000","0.17523","1448.81775"
"210.30000","0.17529","1449.48938"
"210.40000","0.17539","1450.38013"
"210.50000","0.17545","1451.22693"
"210.60000","0.17555","1451.89355"
"210.70000","0.17566","1452.64893"
"210.80000","0.17571","1453.64404"
"210.90000","0.17582","1454.50903"
"211.00000","0.17587","1455.17297"
"211.10000","0.17598","1455.64001"
"211.20000","0.17609","1456.98279"
"211.30000","0.17620","1457.61707"
"211.40000","0.17625","1458.22339"
"211.50000","0.17636","1459.09729"
"211.60000","0.17641","1460.06787"
"211.70000","0.17652","1460.97815"
"211.80000","0.17657","1461.42383"
"211.90000","0.17668","1461.97571"
"212.00000","0.17679","1463.16199"
"212.10000","0.17684","1463.69604"
"212.20000","0.17695","1464.56409"
"212.30000","0.17700","1465.34473"
"212.40000","0.17711","1466.05347"
"212.50000","0.17716","1466.77905"
"212.60000","0.17727","1467.45117"
"212.70000","0.17732","1468.20032"
"212.80000","0.17743","1468.99683"
"212.90000","0.17748","1469.90869"
"213.00000","0.17759","1470.64746"
"213.10000","0.17770","1471.44739"
"213.20000","0.17775","1472.12439"
"213.30000","0.17780","1472.98401"
"213.40000","0.17791","1473.89441"
"213.50000","0.17802","1474.18225"
"213.60000","0.17807","1475.10803"
"213.70000","0.17813","1475.76257"
"213.80000","0.17823","1476.54578"
"213.90000","0.17829","1477.12256"
"214.00000","0.17834","1477.59644"
"214.10000","0.17845","1478.32263"
"214.20000","0.17850","1479.30188"
"214.30000","0.17861","1479.81433"
"214.40000","0.17866","1480.73657"
"214.50000","0.17877","1481.40576"
"214.60000","0.17882","1482.02979"
"214.70000","0.17893","1482.88660"
"214.80000","0.17904","1483.58862"
"214.90000","0.17909","1484.60962"
"215.00000","0.17920","1485.19165"
"215.10000","0.17925","1485.89551"
"215.20000","0.17936","1486.65906"
"215.30000","0.17941","1487.57788"
"215.40000","0.17952","1488.35059"
"215.50000","0.17963","1489.13806"
"215.60000","0.17968","1490.12598"
"215.70000","0.17979","1490.62354"
"215.80000","0.17984","1491.19495"
"215.90000","0.17995","1492.37415"
"216.00000","0.18005","1492.86401"
"216.10000","0.18011","1493.78625"
"216.20000","0.18021","1494.62427"
"216.30000","0.18032","1495.29565"
"216.40000","0.18038","1496.34863"
"216.50000","0.18048","1497.14001"
"216.60000","0.18059","1497.99609"
"216.70000","0.18070","1498.66663"
"216.80000","0.18075","1499.41528"
"216.90000","0.18086","1500.16040"
"217.00000","0.18091","1500.80420"
"217.10000","0.18102","1501.60632"
"217.20000","0.18107","1502.35522"
"217.30000","0.18118","1502.82129"
"217.40000","0.18123","1503.54248"
"217.50000","0.18134","1504.36011"
"217.60000","0.18139","1505.13721"
"217.70000","0.18150","1506.04236"
"217.80000","0.18161","1506.59607"
"217.90000","0.18166","1507.48743"
"218.00000","0.18177","1508.09729"
"218.10000","0.18182","1508.79407"
"218.20000","0.18193","1509.61255"
"218.30000","0.18204","1510.39954"
"218.40000","0.18209","1511.06970"
"218.50000","0.18220","1511.85339"
"218.60000","0.18225","1512.28613"
"218.70000","0.18236","1513.03845"
"218.80000","0.18241","1513.86792"
"218.90000","0.18252","1514.40771"
"219.00000","0.18257","1515.47119"
"219.10000","0.18268","1516.03784"
"219.20000","0.18279","1516.62329"
"219.30000","0.18284","1517.32629"
"219.40000","0.18295","1518.12585"
"219.50000","0.18300","1518.93726"
"219.60000","0.18311","1519.56885"
"219.70000","0.18316","1520.10925"
"219.80000","0.18327","1521.12109"
"219.90000","0.18332","1521.61499"
"220.00000","0.18343","1522.05505"
"220.10000","0.18348","1523.04700"
"220.20000","0.18359","1523.26257"
"220.30000","0.18364","1523.94727"
"220.40000","0.18370","1524.61438"
"220.50000","0.18380","1525.22290"
"220.60000","0.18386","1525.94238"
"220.70000","0.18391","1526.43640"
"220.80000","0.18402","1527.25903"
"220.90000","0.18407","1527.62134"
"221.00000","0.18418","1528.46423"
"221.10000","0.18423","1528.90039"
"221.20000","0.18434","1530.00586"
"221.30000","0.18445","1530.45264"
"221.40000","0.18450","1531.17847"
"221.50000","0.18461","1531.85767"
"221.60000","0.18466","1532.71509"
"221.70000","0.18477","1533.02612"
"221.80000","0.18487","1534.07629"
"221.90000","0.18493","1534.69495"
"222.00000","0.18504","1535.34595"
"222.10000","0.18509","1536.19019"
"222.20000","0.18520","1537.05481"
"222.30000","0.18530","1537.34521"
"222.40000","0.18536","1538.26233"
"222.50000","0.18546","1538.87512"
"222.60000","0.18552","1539.70789"
"222.70000","0.18562","1540.24365"
"222.80000","0.18573","1540.98755"
"222.90000","0.18579","1541.46021"
"223.00000","0.18589","1542.63513"
"223.10000","0.18600","1543.13184"
"223.20000","0.18605","1543.69666"
"223.30000","0.18616","1544.50269"
"223.40000","0.18627","1545.27979"
"223.50000","0.18632","1546.18909"
"223.60000","0.18643","1546.46509"
"223.70000","0.18648","1547.39197"
"223.80000","0.18659","1547.93750"
"223.90000","0.18664","1548.58264"
"224.00000","0.18675","1549.11658"
"224.10000","0.18686","1549.68738"
"224.20000","0.18691","1550.58704"
"224.30000","0.18702","1551.20642"
"224.40000","0.18707","1551.61304"
"224.50000","0.18718","1552.45166"
"224.60000","0.18723","1552.99585"
"224.70000","0.18734","1553.82178"
"224.80000","0.18745","1554.27197"
"224.90000","0.18750","1554.75391"
"225.00000","0.18761","1555.84045"
"225.10000","0.18766","1556.40735"
"225.20000","0.18777","1556.71204"
"225.30000","0.18782","1557.42212"
"225.40000","0.18793","1558.23169"
"225.50000","0.18798","1558.58264"
"225.60000","0.18809","1558.93921"
"225.70000","0.18814","1559.74744"
"225.80000","0.18825","1560.61694"
"225.90000","0.18830","1561.00122"
"226.00000","0.18841","1561.37854"
"226.10000","0.18846","1562.15479"
"226.20000","0.18852","1562.39697"
"226.30000","0.18862","1563.19519"
"226.40000","0.18868","1563.66785"
"226.50000","0.18879","1563.97681"
"226.60000","0.18884","1564.48413"
"226.70000","0.18895","1565.11572"
"226.80000","0.18900","1565.70032"
"226.90000","0.18911","1566.06250"
"227.00000","0.18916","1566.97461"
"227.10000","0.18927","1567.53040"
"227.20000","0.18932","1567.86609"
"227.30000","0.18943","1568.43970"
"227.40000","0.18954","1569.20178"
"227.50000","0.18959","1569.64624"
"227.60000","0.18970","1570.12402"
"227.70000","0.18975","1570.69971"
"227.80000","0.18986","1571.19128"
"227.90000","0.18996","1571.83105"
"228.00000","0.19002","1572.46106"
"228.10000","0.19012","1572.85107"
"228.20000","0.19018","1573.46008"
"228.30000","0.19029","1574.03870"
"228.40000","0.19039","1574.67139"
"228.50000","0.19050","1575.10193"
"228.60000","0.19055","1575.94141"
"228.70000","0.19066","1576.46509"
"228.80000","0.19077","1576.97754"
"228.90000","0.19082","1577.55286"
"229.00000","0.19093","1578.13525"
"229.10000","0.19104","1578.55554"
"229.20000","0.19109","1579.03821"
"229.30000","0.19114","1579.34473"
"229.40000","0.19125","1579.91284"
"229.50000","0.19136","1580.46558"
"229.60000","0.19141","1580.86145"
"229.70000","0.19152","1581.41504"
"229.80000","0.19157","1581.82654"
"229.90000","0.19168","1582.29932"
"230.00000","0.19173","1582.86279"
"230.10000","0.19184","1583.21472"
"230.20000","0.19195","1583.72449"
"230.30000","0.19200","1584.09290"
"230.40000","0.19211","1584.56812"
"230.50000","0.19216","1585.28088"
"230.60000","0.19227","1585.60938"
"230.70000","0.19232","1586.03796"
"230.80000","0.19243","1586.48730"
"230.90000","0.19254","1586.99219"
"231.00000","0.19259","1587.35388"
"231.10000","0.19270","1587.78674"
"231.20000","0.19275","1588.20728"
"231.30000","0.19286","1588.57996"
"231.40000","0.19291","1589.08093"
"231.50000","0.19302","1589.29980"
"231.60000","0.19307","1589.89722"
"231.70000","0.19318","1590.32666"
"231.80000","0.19329","1590.78491"
"231.90000","0.19334","1591.10913"
"232.00000","0.19345","1591.63757"
"232.10000","0.19350","1591.97192"
"232.20000","0.19361","1592.15430"
"232.30000","0.19366","1592.60693"
"232.40000","0.19377","1592.93457"
"232.50000","0.19382","1593.49133"
"232.60000","0.19387","1593.96362"
"232.70000","0.19398","1594.04199"
"232.80000","0.19404","1594.45654"
"232.90000","0.19409","1594.80164"
"233.00000","0.19420","1595.07922"
"233.10000","0.19425","1595.24768"
"233.20000","0.19436","1595.77551"
"233.30000","0.19441","1596.13403"
"233.40000","0.19452","1596.60413"
"233.50000","0.19457","1596.74219"
"233.60000","0.19468","1597.17896"
"233.70000","0.19479","1597.54822"
"233.80000","0.19484","1597.95044"
"233.90000","0.19495","1598.14844"
"234.00000","0.19500","1598.89661"
"234.10000","0.19511","1599.16370"
"234.20000","0.19521","1599.43738"
"234.30000","0.19527","1599.66968"
"234.40000","0.19538","1600.59021"
"234.50000","0.19543","1600.74731"
"234.60000","0.19554","1600.73352"
"234.70000","0.19559","1600.87793"
"234.80000","0.19570","1601.53931"
"234.90000","0.19580","1602.02649"
"235.00000","0.19586","1602.02124"
"235.10000","0.19596","1602.43103"
"235.20000","0.19602","1602.81799"
"235.30000","0.19612","1603.32349"
"235.40000","0.19623","1603.57886"
"235.50000","0.19629","1603.90613"
"235.60000","0.19639","1604.19446"
"235.70000","0.19650","1604.48853"
"235.80000","0.19655","1604.85925"
"235.90000","0.19666","1605.17810"
"236.00000","0.19671","1605.56848"
"236.10000","0.19682","1605.97217"
"236.20000","0.19693","1606.37500"
"236.30000","0.19698","1605.93811"
"236.40000","0.19709","1606.83008"
"236.50000","0.19720","1607.60852"
"236.60000","0.19725","1607.40356"
"236.70000","0.19736","1607.59888"
"236.80000","0.19741","1608.12610"
"236.90000","0.19752","1608.38000"
"237.00000","0.19757","1608.66321"
"237.10000","0.19768","1608.71301"
"237.20000","0.19779","1609.03198"
"237.30000","0.19784","1609.70862"
"237.40000","0.19795","1609.76453"
"237.50000","0.19800","1609.75269"
"237.60000","0.19811","1610.04602"
"237.70000","0.19816","1610.44348"
"237.80000","0.19827","1610.70068"
"237.90000","0.19832","1611.15918"
"238.00000","0.19843","1611.20862"
"238.10000","0.19848","1611.34082"
"238.20000","0.19854","1611.81311"
"238.30000","0.19864","1611.73633"
"238.40000","0.19870","1611.88367"
"238.50000","0.19875","1612.21252"
"238.60000","0.19886","1612.65356"
"238.70000","0.19891","1612.74182"
"238.80000","0.19902","1613.05530"
"238.90000","0.19907","1613.12146"
"239.00000","0.19918","1613.55591"
"239.10000","0.19929","1613.50317"
"239.20000","0.19934","1613.98364"
"239.30000","0.19945","1614.10498"
"239.40000","0.19950","1614.36890"
"239.50000","0.19961","1614.60144"
"239.60000","0.19966","1614.84912"
"239.70000","0.19977","1615.03821"
"239.80000","0.19987","1615.33813"
"239.90000","0.19993","1615.62341"
"240.00000","0.20004","1615.71448"
"240.10000","0.20009","1615.82239"
"240.20000","0.20020","1616.17212"
"240.30000","0.20030","1616.47583"
"240.40000","0.20036","1616.60229"
"240.50000","0.20046","1616.98340"
"240.60000","0.20052","1617.14001"
"240.70000","0.20063","1617.13403"
"240.80000","0.20073","1617.41931"
"240.90000","0.20084","1617.71814"
"241.00000","0.20095","1617.81433"
"241.10000","0.20100","1618.24487"
"241.20000","0.20111","1618.42529"
"241.30000","0.20116","1618.42749"
"241.40000","0.20127","1618.71741"
"241.50000","0.20132","1619.01160"
"241.60000","0.20143","1619.20605"
"241.70000","0.20148","1619.12976"
"241.80000","0.20159","1619.36877"
"241.90000","0.20164","1619.39697"
"242.00000","0.20175","1619.74353"
"242.10000","0.20186","1619.96899"
"242.20000","0.20191","1620.00659"
"242.30000","0.20202","1620.38965"
"242.40000","0.20207","1620.47717"
"242.50000","0.20218","1620.71375"
"242.60000","0.20229","1620.87231"
"242.70000","0.20234","1620.91003"
"242.80000","0.20245","1621.14954"
"242.90000","0.20250","1621.26880"
"243.00000","0.20261","1621.52393"
"243.10000","0.20266","1621.62756"
"243.20000","0.20277","1621.69800"
"243.30000","0.20288","1621.88806"
"243.40000","0.20293","1622.15723"
"243.50000","0.20304","1622.24170"
"243.60000","0.20309","1622.37671"
"243.70000","0.20320","1622.53247"
"243.80000","0.20325","1622.74158"
"243.90000","0.20336","1623.10571"
"244.00000","0.20341","1623.08215"
"244.10000","0.20352","1623.22925"
"244.20000","0.20357","1623.35901"
"244.30000","0.20368","1623.51038"
"244.40000","0.20373","1623.55481"
"244.50000","0.20384","1623.83521"
"244.60000","0.20389","1623.90735"
"244.70000","0.20400","1623.96228"
"244.80000","0.20405","1624.12561"
"244.90000","0.20411","1624.23035"
"245.00000","0.20421","1624.28308"
"245.10000","0.20427","1624.70605"
"245.20000","0.20432","1624.68469"
"245.30000","0.20443","1624.62280"
"245.40000","0.20454","1624.81677"
"245.50000","0.20459","1624.90344"
"245.60000","0.20470","1625.45703"
"245.70000","0.20475","1625.43738"
"245.80000","0.20486","1625.35583"
"245.90000","0.20491","1625.54944"
"246.00000","0.20502","1625.54199"
"246.10000","0.20512","1625.93481"
"246.20000","0.20518","1625.92041"
"246.30000","0.20529","1626.00513"
"246.40000","0.20534","1626.14038"
"246.50000","0.20545","1626.30750"
"246.60000","0.20555","1626.48267"
"246.70000","0.20561","1626.46680"
"246.80000","0.20571","1626.80090"
"246.90000","0.20577","1627.02429"
"247.00000","0.20587","1627.01526"
"247.10000","0.20593","1627.01184"
"247.20000","0.20604","1627.21008"
"247.30000","0.20614","1627.17517"
"247.40000","0.20620","1627.42871"
"247.50000","0.20630","1627.41418"
"247.60000","0.20641","1627.70667"
"247.70000","0.20646","1627.64355"
"247.80000","0.20657","1627.89148"
"247.90000","0.20662","1627.92822"
"248.00000","0.20673","1628.09558"
"248.10000","0.20684","1628.27209"
"248.20000","0.20689","1628.36731"
"248.30000","0.20700","1628.53052"
"248.40000","0.20711","1628.61523"
"248.50000","0.20716","1628.77527"
"248.60000","0.20727","1628.66711"
"248.70000","0.20732","1628.77502"
"248.80000","0.20743","1628.86548"
"248.90000","0.20754","1629.10315"
"249.00000","0.20759","1629.28845"
"249.10000","0.20770","1629.22461"
"249.20000","0.20775","1629.36560"
"249.30000","0.20786","1629.41150"
"249.40000","0.20791","1629.58960"
"249.50000","0.20802","1629.49353"
"249.60000","0.20807","1629.59875"
"249.70000","0.20818","1630.02563"
"249.80000","0.20823","1629.95227"
"249.90000","0.20834","1630.21350"
"250.00000","0.20839","1630.31421"
"250.10000","0.20850","1630.37183"
"250.20000","0.20855","1630.18152"
"250.30000","0.20866","1630.66907"
"250.40000","0.20871","1630.50330"
"250.50000","0.20882","1630.63208"
"250.60000","0.20888","1630.60461"
"250.70000","0.20893","1630.63208"
"250.80000","0.20904","1631.42554"
"250.90000","0.20909","1630.95435"
"251.00000","0.20920","1630.78857"
"251.10000","0.20925","1630.85779"
"251.20000","0.20936","1631.20300"
"251.30000","0.20941","1631.39197"
"251.40000","0.20952","1631.22278"
"251.50000","0.20957","1631.20166"
"251.60000","0.20968","1631.53638"
"251.70000","0.20979","1631.60229"
"251.80000","0.20984","1631.50854"
"251.90000","0.20995","1631.70435"
"252.00000","0.21000","1631.90198"
"252.10000","0.21011","1631.90503"
"252.20000","0.21016","1631.72046"
"252.30000","0.21027","1631.96960"
"252.40000","0.21037","1632.33850"
"252.50000","0.21043","1632.34583"
"252.60000","0.21054","1632.47644"
"252.70000","0.21059","1632.29150"
"252.80000","0.21070","1632.36609"
"252.90000","0.21080","1632.64783"
"253.00000","0.21091","1632.74146"
"253.10000","0.21096","1632.59155"
"253.20000","0.21107","1632.89343"
"253.27200","0.21118","1632.88635"
